year,variable,value,scenario,model
1850,tas,11.678295,historical,MPI-ESM1-2-LR
1851,tas,11.701994,historical,MPI-ESM1-2-LR
1852,tas,11.778214,historical,MPI-ESM1-2-LR
1853,tas,12.267307,historical,MPI-ESM1-2-LR
1854,tas,12.068228,historical,MPI-ESM1-2-LR
1855,tas,12.051929,historical,MPI-ESM1-2-LR
1856,tas,12.097574,historical,MPI-ESM1-2-LR
1857,tas,11.352412,historical,MPI-ESM1-2-LR
1858,tas,11.781791,historical,MPI-ESM1-2-LR
1859,tas,11.795056,historical,MPI-ESM1-2-LR
1860,tas,11.685115,historical,MPI-ESM1-2-LR
1861,tas,12.237547,historical,MPI-ESM1-2-LR
1862,tas,11.665979,historical,MPI-ESM1-2-LR
1863,tas,11.860845,historical,MPI-ESM1-2-LR
1864,tas,11.836035,historical,MPI-ESM1-2-LR
1865,tas,12.035352,historical,MPI-ESM1-2-LR
1866,tas,11.837864,historical,MPI-ESM1-2-LR
1867,tas,11.89833,historical,MPI-ESM1-2-LR
1868,tas,12.018756,historical,MPI-ESM1-2-LR
1869,tas,11.933179,historical,MPI-ESM1-2-LR
1870,tas,12.152791,historical,MPI-ESM1-2-LR
1871,tas,11.921941,historical,MPI-ESM1-2-LR
1872,tas,11.856223,historical,MPI-ESM1-2-LR
1873,tas,11.819226,historical,MPI-ESM1-2-LR
1874,tas,11.656668,historical,MPI-ESM1-2-LR
1875,tas,11.522907,historical,MPI-ESM1-2-LR
1876,tas,11.61489,historical,MPI-ESM1-2-LR
1877,tas,11.695656,historical,MPI-ESM1-2-LR
1878,tas,11.825235,historical,MPI-ESM1-2-LR
1879,tas,11.954106,historical,MPI-ESM1-2-LR
1880,tas,11.766594,historical,MPI-ESM1-2-LR
1881,tas,11.7381,historical,MPI-ESM1-2-LR
1882,tas,11.949358,historical,MPI-ESM1-2-LR
1883,tas,11.856132,historical,MPI-ESM1-2-LR
1884,tas,11.670569,historical,MPI-ESM1-2-LR
1885,tas,11.58647,historical,MPI-ESM1-2-LR
1886,tas,11.690436,historical,MPI-ESM1-2-LR
1887,tas,11.623024,historical,MPI-ESM1-2-LR
1888,tas,11.824716,historical,MPI-ESM1-2-LR
1889,tas,11.95744,historical,MPI-ESM1-2-LR
1890,tas,11.940261,historical,MPI-ESM1-2-LR
1891,tas,11.64256,historical,MPI-ESM1-2-LR
1892,tas,11.845523,historical,MPI-ESM1-2-LR
1893,tas,11.983244,historical,MPI-ESM1-2-LR
1894,tas,11.770856,historical,MPI-ESM1-2-LR
1895,tas,12.015417,historical,MPI-ESM1-2-LR
1896,tas,11.810456,historical,MPI-ESM1-2-LR
1897,tas,12.123752,historical,MPI-ESM1-2-LR
1898,tas,11.804875,historical,MPI-ESM1-2-LR
1899,tas,11.925949,historical,MPI-ESM1-2-LR
1900,tas,11.710699,historical,MPI-ESM1-2-LR
1901,tas,12.018547,historical,MPI-ESM1-2-LR
1902,tas,11.848288,historical,MPI-ESM1-2-LR
1903,tas,11.5392,historical,MPI-ESM1-2-LR
1904,tas,12.004985,historical,MPI-ESM1-2-LR
1905,tas,12.020699,historical,MPI-ESM1-2-LR
1906,tas,11.987819,historical,MPI-ESM1-2-LR
1907,tas,11.641324,historical,MPI-ESM1-2-LR
1908,tas,11.471879,historical,MPI-ESM1-2-LR
1909,tas,11.639327,historical,MPI-ESM1-2-LR
1910,tas,11.949277,historical,MPI-ESM1-2-LR
1911,tas,11.944326,historical,MPI-ESM1-2-LR
1912,tas,11.687454,historical,MPI-ESM1-2-LR
1913,tas,11.837098,historical,MPI-ESM1-2-LR
1914,tas,11.980514,historical,MPI-ESM1-2-LR
1915,tas,11.983496,historical,MPI-ESM1-2-LR
1916,tas,11.834512,historical,MPI-ESM1-2-LR
1917,tas,11.865527,historical,MPI-ESM1-2-LR
1918,tas,11.783601,historical,MPI-ESM1-2-LR
1919,tas,11.647888,historical,MPI-ESM1-2-LR
1920,tas,11.778615,historical,MPI-ESM1-2-LR
1921,tas,12.016377,historical,MPI-ESM1-2-LR
1922,tas,12.337785,historical,MPI-ESM1-2-LR
1923,tas,11.919003,historical,MPI-ESM1-2-LR
1924,tas,11.658893,historical,MPI-ESM1-2-LR
1925,tas,11.78969,historical,MPI-ESM1-2-LR
1926,tas,12.025838,historical,MPI-ESM1-2-LR
1927,tas,11.955033,historical,MPI-ESM1-2-LR
1928,tas,12.09795,historical,MPI-ESM1-2-LR
1929,tas,12.150215,historical,MPI-ESM1-2-LR
1930,tas,11.875256,historical,MPI-ESM1-2-LR
1931,tas,12.004483,historical,MPI-ESM1-2-LR
1932,tas,11.951215,historical,MPI-ESM1-2-LR
1933,tas,12.072893,historical,MPI-ESM1-2-LR
1934,tas,12.148785,historical,MPI-ESM1-2-LR
1935,tas,12.081846,historical,MPI-ESM1-2-LR
1936,tas,11.972027,historical,MPI-ESM1-2-LR
1937,tas,11.899979,historical,MPI-ESM1-2-LR
1938,tas,11.971696,historical,MPI-ESM1-2-LR
1939,tas,12.067365,historical,MPI-ESM1-2-LR
1940,tas,12.113132,historical,MPI-ESM1-2-LR
1941,tas,12.437858,historical,MPI-ESM1-2-LR
1942,tas,12.131783,historical,MPI-ESM1-2-LR
1943,tas,12.658143,historical,MPI-ESM1-2-LR
1944,tas,12.174646,historical,MPI-ESM1-2-LR
1945,tas,12.02022,historical,MPI-ESM1-2-LR
1946,tas,12.289727,historical,MPI-ESM1-2-LR
1947,tas,12.491948,historical,MPI-ESM1-2-LR
1948,tas,12.163111,historical,MPI-ESM1-2-LR
1949,tas,12.263365,historical,MPI-ESM1-2-LR
1950,tas,12.277192,historical,MPI-ESM1-2-LR
1951,tas,12.220827,historical,MPI-ESM1-2-LR
1952,tas,12.382058,historical,MPI-ESM1-2-LR
1953,tas,12.373515,historical,MPI-ESM1-2-LR
1954,tas,11.839076,historical,MPI-ESM1-2-LR
1955,tas,11.843088,historical,MPI-ESM1-2-LR
1956,tas,11.881435,historical,MPI-ESM1-2-LR
1957,tas,12.344495,historical,MPI-ESM1-2-LR
1958,tas,11.912658,historical,MPI-ESM1-2-LR
1959,tas,11.753211,historical,MPI-ESM1-2-LR
1960,tas,12.336642,historical,MPI-ESM1-2-LR
1961,tas,12.192269,historical,MPI-ESM1-2-LR
1962,tas,12.151654,historical,MPI-ESM1-2-LR
1963,tas,12.228191,historical,MPI-ESM1-2-LR
1964,tas,11.727479,historical,MPI-ESM1-2-LR
1965,tas,12.22528,historical,MPI-ESM1-2-LR
1966,tas,12.300714,historical,MPI-ESM1-2-LR
1967,tas,11.963479,historical,MPI-ESM1-2-LR
1968,tas,11.9823,historical,MPI-ESM1-2-LR
1969,tas,12.282613,historical,MPI-ESM1-2-LR
1970,tas,12.144622,historical,MPI-ESM1-2-LR
1971,tas,12.189008,historical,MPI-ESM1-2-LR
1972,tas,11.922638,historical,MPI-ESM1-2-LR
1973,tas,12.071729,historical,MPI-ESM1-2-LR
1974,tas,12.380506,historical,MPI-ESM1-2-LR
1975,tas,11.969398,historical,MPI-ESM1-2-LR
1976,tas,11.611909,historical,MPI-ESM1-2-LR
1977,tas,11.927692,historical,MPI-ESM1-2-LR
1978,tas,11.901434,historical,MPI-ESM1-2-LR
1979,tas,12.141701,historical,MPI-ESM1-2-LR
1980,tas,12.180061,historical,MPI-ESM1-2-LR
1981,tas,12.049771,historical,MPI-ESM1-2-LR
1982,tas,12.523486,historical,MPI-ESM1-2-LR
1983,tas,12.12915,historical,MPI-ESM1-2-LR
1984,tas,12.34885,historical,MPI-ESM1-2-LR
1985,tas,11.937826,historical,MPI-ESM1-2-LR
1986,tas,12.366193,historical,MPI-ESM1-2-LR
1987,tas,12.483343,historical,MPI-ESM1-2-LR
1988,tas,12.145693,historical,MPI-ESM1-2-LR
1989,tas,12.539083,historical,MPI-ESM1-2-LR
1990,tas,12.431942,historical,MPI-ESM1-2-LR
1991,tas,12.546739,historical,MPI-ESM1-2-LR
1992,tas,11.963766,historical,MPI-ESM1-2-LR
1993,tas,12.407315,historical,MPI-ESM1-2-LR
1994,tas,12.695154,historical,MPI-ESM1-2-LR
1995,tas,12.168392,historical,MPI-ESM1-2-LR
1996,tas,12.525426,historical,MPI-ESM1-2-LR
1997,tas,12.602278,historical,MPI-ESM1-2-LR
1998,tas,12.987754,historical,MPI-ESM1-2-LR
1999,tas,12.459727,historical,MPI-ESM1-2-LR
2000,tas,12.866891,historical,MPI-ESM1-2-LR
2001,tas,12.754409,historical,MPI-ESM1-2-LR
2002,tas,12.654046,historical,MPI-ESM1-2-LR
2003,tas,12.888009,historical,MPI-ESM1-2-LR
2004,tas,13.070696,historical,MPI-ESM1-2-LR
2005,tas,12.438152,historical,MPI-ESM1-2-LR
2006,tas,12.517085,historical,MPI-ESM1-2-LR
2007,tas,12.536394,historical,MPI-ESM1-2-LR
2008,tas,12.64106,historical,MPI-ESM1-2-LR
2009,tas,12.648277,historical,MPI-ESM1-2-LR
2010,tas,12.8823,historical,MPI-ESM1-2-LR
2011,tas,12.941008,historical,MPI-ESM1-2-LR
2012,tas,12.726074,historical,MPI-ESM1-2-LR
2013,tas,12.503779,historical,MPI-ESM1-2-LR
2014,tas,12.496087,historical,MPI-ESM1-2-LR
1850,pr,2.962775,historical,MPI-ESM1-2-LR
1851,pr,2.761762,historical,MPI-ESM1-2-LR
1852,pr,2.715467,historical,MPI-ESM1-2-LR
1853,pr,2.938933,historical,MPI-ESM1-2-LR
1854,pr,2.762811,historical,MPI-ESM1-2-LR
1855,pr,2.841315,historical,MPI-ESM1-2-LR
1856,pr,2.686772,historical,MPI-ESM1-2-LR
1857,pr,2.832199,historical,MPI-ESM1-2-LR
1858,pr,3.118836,historical,MPI-ESM1-2-LR
1859,pr,2.768543,historical,MPI-ESM1-2-LR
1860,pr,2.700226,historical,MPI-ESM1-2-LR
1861,pr,2.764655,historical,MPI-ESM1-2-LR
1862,pr,2.776299,historical,MPI-ESM1-2-LR
1863,pr,2.820936,historical,MPI-ESM1-2-LR
1864,pr,2.620147,historical,MPI-ESM1-2-LR
1865,pr,2.920509,historical,MPI-ESM1-2-LR
1866,pr,2.924861,historical,MPI-ESM1-2-LR
1867,pr,3.013528,historical,MPI-ESM1-2-LR
1868,pr,2.699776,historical,MPI-ESM1-2-LR
1869,pr,2.890893,historical,MPI-ESM1-2-LR
1870,pr,2.952944,historical,MPI-ESM1-2-LR
1871,pr,2.894201,historical,MPI-ESM1-2-LR
1872,pr,2.886373,historical,MPI-ESM1-2-LR
1873,pr,2.854819,historical,MPI-ESM1-2-LR
1874,pr,3.026648,historical,MPI-ESM1-2-LR
1875,pr,2.736445,historical,MPI-ESM1-2-LR
1876,pr,2.481721,historical,MPI-ESM1-2-LR
1877,pr,2.661213,historical,MPI-ESM1-2-LR
1878,pr,2.728665,historical,MPI-ESM1-2-LR
1879,pr,2.574766,historical,MPI-ESM1-2-LR
1880,pr,2.62579,historical,MPI-ESM1-2-LR
1881,pr,2.952979,historical,MPI-ESM1-2-LR
1882,pr,2.821456,historical,MPI-ESM1-2-LR
1883,pr,2.728228,historical,MPI-ESM1-2-LR
1884,pr,2.681258,historical,MPI-ESM1-2-LR
1885,pr,2.736923,historical,MPI-ESM1-2-LR
1886,pr,2.960638,historical,MPI-ESM1-2-LR
1887,pr,2.891155,historical,MPI-ESM1-2-LR
1888,pr,2.870472,historical,MPI-ESM1-2-LR
1889,pr,2.735927,historical,MPI-ESM1-2-LR
1890,pr,2.889787,historical,MPI-ESM1-2-LR
1891,pr,2.977454,historical,MPI-ESM1-2-LR
1892,pr,2.811558,historical,MPI-ESM1-2-LR
1893,pr,2.805081,historical,MPI-ESM1-2-LR
1894,pr,2.719501,historical,MPI-ESM1-2-LR
1895,pr,2.674711,historical,MPI-ESM1-2-LR
1896,pr,2.847062,historical,MPI-ESM1-2-LR
1897,pr,2.680629,historical,MPI-ESM1-2-LR
1898,pr,2.892745,historical,MPI-ESM1-2-LR
1899,pr,2.792391,historical,MPI-ESM1-2-LR
1900,pr,2.885097,historical,MPI-ESM1-2-LR
1901,pr,2.815846,historical,MPI-ESM1-2-LR
1902,pr,2.844164,historical,MPI-ESM1-2-LR
1903,pr,2.75021,historical,MPI-ESM1-2-LR
1904,pr,2.816671,historical,MPI-ESM1-2-LR
1905,pr,2.575403,historical,MPI-ESM1-2-LR
1906,pr,2.748743,historical,MPI-ESM1-2-LR
1907,pr,2.833318,historical,MPI-ESM1-2-LR
1908,pr,2.893556,historical,MPI-ESM1-2-LR
1909,pr,2.972464,historical,MPI-ESM1-2-LR
1910,pr,2.930816,historical,MPI-ESM1-2-LR
1911,pr,2.837867,historical,MPI-ESM1-2-LR
1912,pr,2.717311,historical,MPI-ESM1-2-LR
1913,pr,2.842711,historical,MPI-ESM1-2-LR
1914,pr,2.805688,historical,MPI-ESM1-2-LR
1915,pr,2.697194,historical,MPI-ESM1-2-LR
1916,pr,2.639691,historical,MPI-ESM1-2-LR
1917,pr,2.872599,historical,MPI-ESM1-2-LR
1918,pr,2.614421,historical,MPI-ESM1-2-LR
1919,pr,2.82499,historical,MPI-ESM1-2-LR
1920,pr,2.727199,historical,MPI-ESM1-2-LR
1921,pr,2.614939,historical,MPI-ESM1-2-LR
1922,pr,2.841905,historical,MPI-ESM1-2-LR
1923,pr,2.714141,historical,MPI-ESM1-2-LR
1924,pr,2.773286,historical,MPI-ESM1-2-LR
1925,pr,2.58802,historical,MPI-ESM1-2-LR
1926,pr,2.835438,historical,MPI-ESM1-2-LR
1927,pr,2.643762,historical,MPI-ESM1-2-LR
1928,pr,2.867572,historical,MPI-ESM1-2-LR
1929,pr,2.861864,historical,MPI-ESM1-2-LR
1930,pr,2.706733,historical,MPI-ESM1-2-LR
1931,pr,2.533551,historical,MPI-ESM1-2-LR
1932,pr,2.707697,historical,MPI-ESM1-2-LR
1933,pr,2.658163,historical,MPI-ESM1-2-LR
1934,pr,2.630126,historical,MPI-ESM1-2-LR
1935,pr,2.937887,historical,MPI-ESM1-2-LR
1936,pr,3.042236,historical,MPI-ESM1-2-LR
1937,pr,2.613609,historical,MPI-ESM1-2-LR
1938,pr,2.742802,historical,MPI-ESM1-2-LR
1939,pr,2.649364,historical,MPI-ESM1-2-LR
1940,pr,2.720574,historical,MPI-ESM1-2-LR
1941,pr,3.01227,historical,MPI-ESM1-2-LR
1942,pr,3.059298,historical,MPI-ESM1-2-LR
1943,pr,2.677391,historical,MPI-ESM1-2-LR
1944,pr,3.015854,historical,MPI-ESM1-2-LR
1945,pr,2.67984,historical,MPI-ESM1-2-LR
1946,pr,2.857153,historical,MPI-ESM1-2-LR
1947,pr,2.82283,historical,MPI-ESM1-2-LR
1948,pr,2.964536,historical,MPI-ESM1-2-LR
1949,pr,2.838807,historical,MPI-ESM1-2-LR
1950,pr,2.897058,historical,MPI-ESM1-2-LR
1951,pr,2.993589,historical,MPI-ESM1-2-LR
1952,pr,3.044875,historical,MPI-ESM1-2-LR
1953,pr,2.937807,historical,MPI-ESM1-2-LR
1954,pr,2.722403,historical,MPI-ESM1-2-LR
1955,pr,2.736702,historical,MPI-ESM1-2-LR
1956,pr,2.666013,historical,MPI-ESM1-2-LR
1957,pr,2.717672,historical,MPI-ESM1-2-LR
1958,pr,2.734337,historical,MPI-ESM1-2-LR
1959,pr,2.768446,historical,MPI-ESM1-2-LR
1960,pr,2.86712,historical,MPI-ESM1-2-LR
1961,pr,2.869575,historical,MPI-ESM1-2-LR
1962,pr,2.647511,historical,MPI-ESM1-2-LR
1963,pr,2.729326,historical,MPI-ESM1-2-LR
1964,pr,2.679179,historical,MPI-ESM1-2-LR
1965,pr,2.772585,historical,MPI-ESM1-2-LR
1966,pr,2.851283,historical,MPI-ESM1-2-LR
1967,pr,2.938268,historical,MPI-ESM1-2-LR
1968,pr,2.851055,historical,MPI-ESM1-2-LR
1969,pr,2.806911,historical,MPI-ESM1-2-LR
1970,pr,2.72157,historical,MPI-ESM1-2-LR
1971,pr,2.875788,historical,MPI-ESM1-2-LR
1972,pr,2.891452,historical,MPI-ESM1-2-LR
1973,pr,2.74109,historical,MPI-ESM1-2-LR
1974,pr,2.764653,historical,MPI-ESM1-2-LR
1975,pr,2.779318,historical,MPI-ESM1-2-LR
1976,pr,2.938126,historical,MPI-ESM1-2-LR
1977,pr,2.827489,historical,MPI-ESM1-2-LR
1978,pr,2.697994,historical,MPI-ESM1-2-LR
1979,pr,2.81335,historical,MPI-ESM1-2-LR
1980,pr,2.520451,historical,MPI-ESM1-2-LR
1981,pr,2.828828,historical,MPI-ESM1-2-LR
1982,pr,2.716195,historical,MPI-ESM1-2-LR
1983,pr,2.820068,historical,MPI-ESM1-2-LR
1984,pr,2.783365,historical,MPI-ESM1-2-LR
1985,pr,2.656669,historical,MPI-ESM1-2-LR
1986,pr,2.894339,historical,MPI-ESM1-2-LR
1987,pr,2.83317,historical,MPI-ESM1-2-LR
1988,pr,2.863613,historical,MPI-ESM1-2-LR
1989,pr,2.682809,historical,MPI-ESM1-2-LR
1990,pr,2.8854,historical,MPI-ESM1-2-LR
1991,pr,2.953005,historical,MPI-ESM1-2-LR
1992,pr,2.885829,historical,MPI-ESM1-2-LR
1993,pr,2.92182,historical,MPI-ESM1-2-LR
1994,pr,2.821797,historical,MPI-ESM1-2-LR
1995,pr,2.895488,historical,MPI-ESM1-2-LR
1996,pr,2.958885,historical,MPI-ESM1-2-LR
1997,pr,2.869498,historical,MPI-ESM1-2-LR
1998,pr,2.858152,historical,MPI-ESM1-2-LR
1999,pr,3.030726,historical,MPI-ESM1-2-LR
2000,pr,2.907564,historical,MPI-ESM1-2-LR
2001,pr,2.992159,historical,MPI-ESM1-2-LR
2002,pr,2.725256,historical,MPI-ESM1-2-LR
2003,pr,2.74953,historical,MPI-ESM1-2-LR
2004,pr,2.913687,historical,MPI-ESM1-2-LR
2005,pr,2.868803,historical,MPI-ESM1-2-LR
2006,pr,2.977879,historical,MPI-ESM1-2-LR
2007,pr,2.836729,historical,MPI-ESM1-2-LR
2008,pr,2.593084,historical,MPI-ESM1-2-LR
2009,pr,3.13104,historical,MPI-ESM1-2-LR
2010,pr,2.741433,historical,MPI-ESM1-2-LR
2011,pr,2.751654,historical,MPI-ESM1-2-LR
2012,pr,2.780175,historical,MPI-ESM1-2-LR
2013,pr,2.720533,historical,MPI-ESM1-2-LR
2014,pr,2.832287,historical,MPI-ESM1-2-LR
1850,sfcWind,6.22944,historical,MPI-ESM1-2-LR
1851,sfcWind,6.428957,historical,MPI-ESM1-2-LR
1852,sfcWind,5.834404,historical,MPI-ESM1-2-LR
1853,sfcWind,6.293453,historical,MPI-ESM1-2-LR
1854,sfcWind,6.335875,historical,MPI-ESM1-2-LR
1855,sfcWind,6.355723,historical,MPI-ESM1-2-LR
1856,sfcWind,6.422151,historical,MPI-ESM1-2-LR
1857,sfcWind,6.355407,historical,MPI-ESM1-2-LR
1858,sfcWind,6.438942,historical,MPI-ESM1-2-LR
1859,sfcWind,6.163256,historical,MPI-ESM1-2-LR
1860,sfcWind,6.027118,historical,MPI-ESM1-2-LR
1861,sfcWind,6.273896,historical,MPI-ESM1-2-LR
1862,sfcWind,6.263589,historical,MPI-ESM1-2-LR
1863,sfcWind,6.19934,historical,MPI-ESM1-2-LR
1864,sfcWind,5.773,historical,MPI-ESM1-2-LR
1865,sfcWind,6.192855,historical,MPI-ESM1-2-LR
1866,sfcWind,6.527949,historical,MPI-ESM1-2-LR
1867,sfcWind,6.358439,historical,MPI-ESM1-2-LR
1868,sfcWind,6.219753,historical,MPI-ESM1-2-LR
1869,sfcWind,6.44767,historical,MPI-ESM1-2-LR
1870,sfcWind,6.265577,historical,MPI-ESM1-2-LR
1871,sfcWind,6.540018,historical,MPI-ESM1-2-LR
1872,sfcWind,6.653717,historical,MPI-ESM1-2-LR
1873,sfcWind,6.267055,historical,MPI-ESM1-2-LR
1874,sfcWind,6.325361,historical,MPI-ESM1-2-LR
1875,sfcWind,6.068959,historical,MPI-ESM1-2-LR
1876,sfcWind,6.036908,historical,MPI-ESM1-2-LR
1877,sfcWind,5.93753,historical,MPI-ESM1-2-LR
1878,sfcWind,6.029424,historical,MPI-ESM1-2-LR
1879,sfcWind,6.383865,historical,MPI-ESM1-2-LR
1880,sfcWind,6.172281,historical,MPI-ESM1-2-LR
1881,sfcWind,6.538482,historical,MPI-ESM1-2-LR
1882,sfcWind,6.483306,historical,MPI-ESM1-2-LR
1883,sfcWind,6.101023,historical,MPI-ESM1-2-LR
1884,sfcWind,6.099763,historical,MPI-ESM1-2-LR
1885,sfcWind,6.323554,historical,MPI-ESM1-2-LR
1886,sfcWind,6.46347,historical,MPI-ESM1-2-LR
1887,sfcWind,6.328182,historical,MPI-ESM1-2-LR
1888,sfcWind,6.477522,historical,MPI-ESM1-2-LR
1889,sfcWind,6.160422,historical,MPI-ESM1-2-LR
1890,sfcWind,6.172333,historical,MPI-ESM1-2-LR
1891,sfcWind,6.249999,historical,MPI-ESM1-2-LR
1892,sfcWind,6.382398,historical,MPI-ESM1-2-LR
1893,sfcWind,6.228234,historical,MPI-ESM1-2-LR
1894,sfcWind,5.939973,historical,MPI-ESM1-2-LR
1895,sfcWind,6.056638,historical,MPI-ESM1-2-LR
1896,sfcWind,6.23494,historical,MPI-ESM1-2-LR
1897,sfcWind,6.217874,historical,MPI-ESM1-2-LR
1898,sfcWind,6.630816,historical,MPI-ESM1-2-LR
1899,sfcWind,6.090885,historical,MPI-ESM1-2-LR
1900,sfcWind,6.27192,historical,MPI-ESM1-2-LR
1901,sfcWind,6.254454,historical,MPI-ESM1-2-LR
1902,sfcWind,6.496136,historical,MPI-ESM1-2-LR
1903,sfcWind,6.115076,historical,MPI-ESM1-2-LR
1904,sfcWind,6.058549,historical,MPI-ESM1-2-LR
1905,sfcWind,5.891414,historical,MPI-ESM1-2-LR
1906,sfcWind,5.840346,historical,MPI-ESM1-2-LR
1907,sfcWind,6.229818,historical,MPI-ESM1-2-LR
1908,sfcWind,6.586016,historical,MPI-ESM1-2-LR
1909,sfcWind,6.457022,historical,MPI-ESM1-2-LR
1910,sfcWind,6.516114,historical,MPI-ESM1-2-LR
1911,sfcWind,6.126997,historical,MPI-ESM1-2-LR
1912,sfcWind,6.04012,historical,MPI-ESM1-2-LR
1913,sfcWind,6.242548,historical,MPI-ESM1-2-LR
1914,sfcWind,6.076462,historical,MPI-ESM1-2-LR
1915,sfcWind,6.21529,historical,MPI-ESM1-2-LR
1916,sfcWind,5.825852,historical,MPI-ESM1-2-LR
1917,sfcWind,6.354867,historical,MPI-ESM1-2-LR
1918,sfcWind,6.141875,historical,MPI-ESM1-2-LR
1919,sfcWind,6.386799,historical,MPI-ESM1-2-LR
1920,sfcWind,6.312344,historical,MPI-ESM1-2-LR
1921,sfcWind,5.944552,historical,MPI-ESM1-2-LR
1922,sfcWind,6.236651,historical,MPI-ESM1-2-LR
1923,sfcWind,6.396387,historical,MPI-ESM1-2-LR
1924,sfcWind,6.197846,historical,MPI-ESM1-2-LR
1925,sfcWind,5.833446,historical,MPI-ESM1-2-LR
1926,sfcWind,6.370562,historical,MPI-ESM1-2-LR
1927,sfcWind,6.257017,historical,MPI-ESM1-2-LR
1928,sfcWind,6.426112,historical,MPI-ESM1-2-LR
1929,sfcWind,6.28047,historical,MPI-ESM1-2-LR
1930,sfcWind,5.879525,historical,MPI-ESM1-2-LR
1931,sfcWind,6.07074,historical,MPI-ESM1-2-LR
1932,sfcWind,5.997173,historical,MPI-ESM1-2-LR
1933,sfcWind,6.211453,historical,MPI-ESM1-2-LR
1934,sfcWind,6.061818,historical,MPI-ESM1-2-LR
1935,sfcWind,6.200744,historical,MPI-ESM1-2-LR
1936,sfcWind,6.512136,historical,MPI-ESM1-2-LR
1937,sfcWind,5.967552,historical,MPI-ESM1-2-LR
1938,sfcWind,6.343334,historical,MPI-ESM1-2-LR
1939,sfcWind,6.029535,historical,MPI-ESM1-2-LR
1940,sfcWind,6.103039,historical,MPI-ESM1-2-LR
1941,sfcWind,6.411275,historical,MPI-ESM1-2-LR
1942,sfcWind,6.372656,historical,MPI-ESM1-2-LR
1943,sfcWind,6.084869,historical,MPI-ESM1-2-LR
1944,sfcWind,6.615348,historical,MPI-ESM1-2-LR
1945,sfcWind,6.109479,historical,MPI-ESM1-2-LR
1946,sfcWind,6.322499,historical,MPI-ESM1-2-LR
1947,sfcWind,6.385463,historical,MPI-ESM1-2-LR
1948,sfcWind,6.34924,historical,MPI-ESM1-2-LR
1949,sfcWind,6.515665,historical,MPI-ESM1-2-LR
1950,sfcWind,6.385225,historical,MPI-ESM1-2-LR
1951,sfcWind,6.481027,historical,MPI-ESM1-2-LR
1952,sfcWind,6.59957,historical,MPI-ESM1-2-LR
1953,sfcWind,6.383083,historical,MPI-ESM1-2-LR
1954,sfcWind,6.209566,historical,MPI-ESM1-2-LR
1955,sfcWind,6.200071,historical,MPI-ESM1-2-LR
1956,sfcWind,5.956232,historical,MPI-ESM1-2-LR
1957,sfcWind,6.441346,historical,MPI-ESM1-2-LR
1958,sfcWind,6.157284,historical,MPI-ESM1-2-LR
1959,sfcWind,6.295922,historical,MPI-ESM1-2-LR
1960,sfcWind,6.353391,historical,MPI-ESM1-2-LR
1961,sfcWind,6.363648,historical,MPI-ESM1-2-LR
1962,sfcWind,6.118798,historical,MPI-ESM1-2-LR
1963,sfcWind,6.136672,historical,MPI-ESM1-2-LR
1964,sfcWind,6.292464,historical,MPI-ESM1-2-LR
1965,sfcWind,6.3521,historical,MPI-ESM1-2-LR
1966,sfcWind,6.448053,historical,MPI-ESM1-2-LR
1967,sfcWind,6.494918,historical,MPI-ESM1-2-LR
1968,sfcWind,6.240943,historical,MPI-ESM1-2-LR
1969,sfcWind,6.187458,historical,MPI-ESM1-2-LR
1970,sfcWind,6.418715,historical,MPI-ESM1-2-LR
1971,sfcWind,6.287875,historical,MPI-ESM1-2-LR
1972,sfcWind,6.399609,historical,MPI-ESM1-2-LR
1973,sfcWind,6.176277,historical,MPI-ESM1-2-LR
1974,sfcWind,6.301151,historical,MPI-ESM1-2-LR
1975,sfcWind,6.538797,historical,MPI-ESM1-2-LR
1976,sfcWind,6.577438,historical,MPI-ESM1-2-LR
1977,sfcWind,6.305227,historical,MPI-ESM1-2-LR
1978,sfcWind,6.211334,historical,MPI-ESM1-2-LR
1979,sfcWind,6.346142,historical,MPI-ESM1-2-LR
1980,sfcWind,6.034546,historical,MPI-ESM1-2-LR
1981,sfcWind,6.416403,historical,MPI-ESM1-2-LR
1982,sfcWind,6.244272,historical,MPI-ESM1-2-LR
1983,sfcWind,6.438329,historical,MPI-ESM1-2-LR
1984,sfcWind,6.261836,historical,MPI-ESM1-2-LR
1985,sfcWind,6.075575,historical,MPI-ESM1-2-LR
1986,sfcWind,6.313643,historical,MPI-ESM1-2-LR
1987,sfcWind,6.173865,historical,MPI-ESM1-2-LR
1988,sfcWind,6.37205,historical,MPI-ESM1-2-LR
1989,sfcWind,6.229903,historical,MPI-ESM1-2-LR
1990,sfcWind,6.435928,historical,MPI-ESM1-2-LR
1991,sfcWind,6.5861,historical,MPI-ESM1-2-LR
1992,sfcWind,6.220162,historical,MPI-ESM1-2-LR
1993,sfcWind,6.405586,historical,MPI-ESM1-2-LR
1994,sfcWind,6.004783,historical,MPI-ESM1-2-LR
1995,sfcWind,6.385222,historical,MPI-ESM1-2-LR
1996,sfcWind,6.282665,historical,MPI-ESM1-2-LR
1997,sfcWind,6.427932,historical,MPI-ESM1-2-LR
1998,sfcWind,6.185364,historical,MPI-ESM1-2-LR
1999,sfcWind,6.342841,historical,MPI-ESM1-2-LR
2000,sfcWind,6.657434,historical,MPI-ESM1-2-LR
2001,sfcWind,6.546504,historical,MPI-ESM1-2-LR
2002,sfcWind,6.103117,historical,MPI-ESM1-2-LR
2003,sfcWind,6.324549,historical,MPI-ESM1-2-LR
2004,sfcWind,6.36743,historical,MPI-ESM1-2-LR
2005,sfcWind,6.169741,historical,MPI-ESM1-2-LR
2006,sfcWind,6.503289,historical,MPI-ESM1-2-LR
2007,sfcWind,6.356662,historical,MPI-ESM1-2-LR
2008,sfcWind,5.965697,historical,MPI-ESM1-2-LR
2009,sfcWind,6.607645,historical,MPI-ESM1-2-LR
2010,sfcWind,6.158084,historical,MPI-ESM1-2-LR
2011,sfcWind,6.190215,historical,MPI-ESM1-2-LR
2012,sfcWind,6.223547,historical,MPI-ESM1-2-LR
2013,sfcWind,6.089455,historical,MPI-ESM1-2-LR
2014,sfcWind,6.161871,historical,MPI-ESM1-2-LR
1850,huss,0.008811,historical,MPI-ESM1-2-LR
1851,huss,0.008798,historical,MPI-ESM1-2-LR
1852,huss,0.008839,historical,MPI-ESM1-2-LR
1853,huss,0.008979,historical,MPI-ESM1-2-LR
1854,huss,0.008955,historical,MPI-ESM1-2-LR
1855,huss,0.008934,historical,MPI-ESM1-2-LR
1856,huss,0.008823,historical,MPI-ESM1-2-LR
1857,huss,0.008788,historical,MPI-ESM1-2-LR
1858,huss,0.008855,historical,MPI-ESM1-2-LR
1859,huss,0.008871,historical,MPI-ESM1-2-LR
1860,huss,0.008914,historical,MPI-ESM1-2-LR
1861,huss,0.008923,historical,MPI-ESM1-2-LR
1862,huss,0.00874,historical,MPI-ESM1-2-LR
1863,huss,0.008816,historical,MPI-ESM1-2-LR
1864,huss,0.008847,historical,MPI-ESM1-2-LR
1865,huss,0.00885,historical,MPI-ESM1-2-LR
1866,huss,0.008812,historical,MPI-ESM1-2-LR
1867,huss,0.008824,historical,MPI-ESM1-2-LR
1868,huss,0.008868,historical,MPI-ESM1-2-LR
1869,huss,0.008833,historical,MPI-ESM1-2-LR
1870,huss,0.008829,historical,MPI-ESM1-2-LR
1871,huss,0.00885,historical,MPI-ESM1-2-LR
1872,huss,0.008733,historical,MPI-ESM1-2-LR
1873,huss,0.008979,historical,MPI-ESM1-2-LR
1874,huss,0.008971,historical,MPI-ESM1-2-LR
1875,huss,0.008777,historical,MPI-ESM1-2-LR
1876,huss,0.008771,historical,MPI-ESM1-2-LR
1877,huss,0.00881,historical,MPI-ESM1-2-LR
1878,huss,0.008837,historical,MPI-ESM1-2-LR
1879,huss,0.008878,historical,MPI-ESM1-2-LR
1880,huss,0.008882,historical,MPI-ESM1-2-LR
1881,huss,0.008754,historical,MPI-ESM1-2-LR
1882,huss,0.008796,historical,MPI-ESM1-2-LR
1883,huss,0.008895,historical,MPI-ESM1-2-LR
1884,huss,0.008847,historical,MPI-ESM1-2-LR
1885,huss,0.008797,historical,MPI-ESM1-2-LR
1886,huss,0.008676,historical,MPI-ESM1-2-LR
1887,huss,0.0087,historical,MPI-ESM1-2-LR
1888,huss,0.008881,historical,MPI-ESM1-2-LR
1889,huss,0.008819,historical,MPI-ESM1-2-LR
1890,huss,0.008769,historical,MPI-ESM1-2-LR
1891,huss,0.00885,historical,MPI-ESM1-2-LR
1892,huss,0.008762,historical,MPI-ESM1-2-LR
1893,huss,0.008853,historical,MPI-ESM1-2-LR
1894,huss,0.008834,historical,MPI-ESM1-2-LR
1895,huss,0.008859,historical,MPI-ESM1-2-LR
1896,huss,0.008904,historical,MPI-ESM1-2-LR
1897,huss,0.008974,historical,MPI-ESM1-2-LR
1898,huss,0.008844,historical,MPI-ESM1-2-LR
1899,huss,0.008802,historical,MPI-ESM1-2-LR
1900,huss,0.008823,historical,MPI-ESM1-2-LR
1901,huss,0.008825,historical,MPI-ESM1-2-LR
1902,huss,0.008856,historical,MPI-ESM1-2-LR
1903,huss,0.008634,historical,MPI-ESM1-2-LR
1904,huss,0.008898,historical,MPI-ESM1-2-LR
1905,huss,0.008912,historical,MPI-ESM1-2-LR
1906,huss,0.008856,historical,MPI-ESM1-2-LR
1907,huss,0.008882,historical,MPI-ESM1-2-LR
1908,huss,0.008774,historical,MPI-ESM1-2-LR
1909,huss,0.008683,historical,MPI-ESM1-2-LR
1910,huss,0.008867,historical,MPI-ESM1-2-LR
1911,huss,0.008852,historical,MPI-ESM1-2-LR
1912,huss,0.008764,historical,MPI-ESM1-2-LR
1913,huss,0.008725,historical,MPI-ESM1-2-LR
1914,huss,0.008978,historical,MPI-ESM1-2-LR
1915,huss,0.008936,historical,MPI-ESM1-2-LR
1916,huss,0.008778,historical,MPI-ESM1-2-LR
1917,huss,0.00875,historical,MPI-ESM1-2-LR
1918,huss,0.008815,historical,MPI-ESM1-2-LR
1919,huss,0.008782,historical,MPI-ESM1-2-LR
1920,huss,0.008784,historical,MPI-ESM1-2-LR
1921,huss,0.008899,historical,MPI-ESM1-2-LR
1922,huss,0.008955,historical,MPI-ESM1-2-LR
1923,huss,0.009028,historical,MPI-ESM1-2-LR
1924,huss,0.008859,historical,MPI-ESM1-2-LR
1925,huss,0.008832,historical,MPI-ESM1-2-LR
1926,huss,0.00879,historical,MPI-ESM1-2-LR
1927,huss,0.008955,historical,MPI-ESM1-2-LR
1928,huss,0.008956,historical,MPI-ESM1-2-LR
1929,huss,0.009041,historical,MPI-ESM1-2-LR
1930,huss,0.008943,historical,MPI-ESM1-2-LR
1931,huss,0.008777,historical,MPI-ESM1-2-LR
1932,huss,0.008918,historical,MPI-ESM1-2-LR
1933,huss,0.00891,historical,MPI-ESM1-2-LR
1934,huss,0.008903,historical,MPI-ESM1-2-LR
1935,huss,0.008963,historical,MPI-ESM1-2-LR
1936,huss,0.008847,historical,MPI-ESM1-2-LR
1937,huss,0.00889,historical,MPI-ESM1-2-LR
1938,huss,0.008892,historical,MPI-ESM1-2-LR
1939,huss,0.008854,historical,MPI-ESM1-2-LR
1940,huss,0.008947,historical,MPI-ESM1-2-LR
1941,huss,0.009089,historical,MPI-ESM1-2-LR
1942,huss,0.009006,historical,MPI-ESM1-2-LR
1943,huss,0.009148,historical,MPI-ESM1-2-LR
1944,huss,0.008948,historical,MPI-ESM1-2-LR
1945,huss,0.008905,historical,MPI-ESM1-2-LR
1946,huss,0.009104,historical,MPI-ESM1-2-LR
1947,huss,0.009057,historical,MPI-ESM1-2-LR
1948,huss,0.008942,historical,MPI-ESM1-2-LR
1949,huss,0.009002,historical,MPI-ESM1-2-LR
1950,huss,0.008974,historical,MPI-ESM1-2-LR
1951,huss,0.009078,historical,MPI-ESM1-2-LR
1952,huss,0.009041,historical,MPI-ESM1-2-LR
1953,huss,0.009071,historical,MPI-ESM1-2-LR
1954,huss,0.009003,historical,MPI-ESM1-2-LR
1955,huss,0.008797,historical,MPI-ESM1-2-LR
1956,huss,0.008946,historical,MPI-ESM1-2-LR
1957,huss,0.008947,historical,MPI-ESM1-2-LR
1958,huss,0.008936,historical,MPI-ESM1-2-LR
1959,huss,0.008893,historical,MPI-ESM1-2-LR
1960,huss,0.009048,historical,MPI-ESM1-2-LR
1961,huss,0.009239,historical,MPI-ESM1-2-LR
1962,huss,0.00909,historical,MPI-ESM1-2-LR
1963,huss,0.008983,historical,MPI-ESM1-2-LR
1964,huss,0.00873,historical,MPI-ESM1-2-LR
1965,huss,0.008874,historical,MPI-ESM1-2-LR
1966,huss,0.008918,historical,MPI-ESM1-2-LR
1967,huss,0.008829,historical,MPI-ESM1-2-LR
1968,huss,0.009027,historical,MPI-ESM1-2-LR
1969,huss,0.008968,historical,MPI-ESM1-2-LR
1970,huss,0.008987,historical,MPI-ESM1-2-LR
1971,huss,0.008982,historical,MPI-ESM1-2-LR
1972,huss,0.009048,historical,MPI-ESM1-2-LR
1973,huss,0.008929,historical,MPI-ESM1-2-LR
1974,huss,0.00901,historical,MPI-ESM1-2-LR
1975,huss,0.00896,historical,MPI-ESM1-2-LR
1976,huss,0.00874,historical,MPI-ESM1-2-LR
1977,huss,0.009011,historical,MPI-ESM1-2-LR
1978,huss,0.008895,historical,MPI-ESM1-2-LR
1979,huss,0.008978,historical,MPI-ESM1-2-LR
1980,huss,0.009076,historical,MPI-ESM1-2-LR
1981,huss,0.009218,historical,MPI-ESM1-2-LR
1982,huss,0.009136,historical,MPI-ESM1-2-LR
1983,huss,0.009104,historical,MPI-ESM1-2-LR
1984,huss,0.009188,historical,MPI-ESM1-2-LR
1985,huss,0.009148,historical,MPI-ESM1-2-LR
1986,huss,0.009159,historical,MPI-ESM1-2-LR
1987,huss,0.009011,historical,MPI-ESM1-2-LR
1988,huss,0.009027,historical,MPI-ESM1-2-LR
1989,huss,0.00903,historical,MPI-ESM1-2-LR
1990,huss,0.009125,historical,MPI-ESM1-2-LR
1991,huss,0.009132,historical,MPI-ESM1-2-LR
1992,huss,0.009021,historical,MPI-ESM1-2-LR
1993,huss,0.009108,historical,MPI-ESM1-2-LR
1994,huss,0.009179,historical,MPI-ESM1-2-LR
1995,huss,0.008933,historical,MPI-ESM1-2-LR
1996,huss,0.00912,historical,MPI-ESM1-2-LR
1997,huss,0.009328,historical,MPI-ESM1-2-LR
1998,huss,0.009209,historical,MPI-ESM1-2-LR
1999,huss,0.009113,historical,MPI-ESM1-2-LR
2000,huss,0.009276,historical,MPI-ESM1-2-LR
2001,huss,0.009249,historical,MPI-ESM1-2-LR
2002,huss,0.009153,historical,MPI-ESM1-2-LR
2003,huss,0.009315,historical,MPI-ESM1-2-LR
2004,huss,0.009392,historical,MPI-ESM1-2-LR
2005,huss,0.009164,historical,MPI-ESM1-2-LR
2006,huss,0.009223,historical,MPI-ESM1-2-LR
2007,huss,0.009155,historical,MPI-ESM1-2-LR
2008,huss,0.009367,historical,MPI-ESM1-2-LR
2009,huss,0.009289,historical,MPI-ESM1-2-LR
2010,huss,0.009362,historical,MPI-ESM1-2-LR
2011,huss,0.009464,historical,MPI-ESM1-2-LR
2012,huss,0.009323,historical,MPI-ESM1-2-LR
2013,huss,0.009221,historical,MPI-ESM1-2-LR
2014,huss,0.00927,historical,MPI-ESM1-2-LR
1850,psl,101175.1595,historical,MPI-ESM1-2-LR
1851,psl,101176.545715,historical,MPI-ESM1-2-LR
1852,psl,101177.711813,historical,MPI-ESM1-2-LR
1853,psl,101169.000387,historical,MPI-ESM1-2-LR
1854,psl,101183.919476,historical,MPI-ESM1-2-LR
1855,psl,101177.736742,historical,MPI-ESM1-2-LR
1856,psl,101163.94608,historical,MPI-ESM1-2-LR
1857,psl,101180.74084,historical,MPI-ESM1-2-LR
1858,psl,101175.941652,historical,MPI-ESM1-2-LR
1859,psl,101182.29103,historical,MPI-ESM1-2-LR
1860,psl,101193.501269,historical,MPI-ESM1-2-LR
1861,psl,101183.421423,historical,MPI-ESM1-2-LR
1862,psl,101195.350286,historical,MPI-ESM1-2-LR
1863,psl,101193.841125,historical,MPI-ESM1-2-LR
1864,psl,101184.904273,historical,MPI-ESM1-2-LR
1865,psl,101170.891032,historical,MPI-ESM1-2-LR
1866,psl,101161.521773,historical,MPI-ESM1-2-LR
1867,psl,101188.969928,historical,MPI-ESM1-2-LR
1868,psl,101159.871594,historical,MPI-ESM1-2-LR
1869,psl,101174.580716,historical,MPI-ESM1-2-LR
1870,psl,101186.192444,historical,MPI-ESM1-2-LR
1871,psl,101186.226999,historical,MPI-ESM1-2-LR
1872,psl,101171.297523,historical,MPI-ESM1-2-LR
1873,psl,101184.146457,historical,MPI-ESM1-2-LR
1874,psl,101190.540229,historical,MPI-ESM1-2-LR
1875,psl,101179.02337,historical,MPI-ESM1-2-LR
1876,psl,101189.487918,historical,MPI-ESM1-2-LR
1877,psl,101173.617877,historical,MPI-ESM1-2-LR
1878,psl,101177.69649,historical,MPI-ESM1-2-LR
1879,psl,101179.298869,historical,MPI-ESM1-2-LR
1880,psl,101183.759444,historical,MPI-ESM1-2-LR
1881,psl,101167.192256,historical,MPI-ESM1-2-LR
1882,psl,101180.291794,historical,MPI-ESM1-2-LR
1883,psl,101176.22338,historical,MPI-ESM1-2-LR
1884,psl,101177.567547,historical,MPI-ESM1-2-LR
1885,psl,101181.29,historical,MPI-ESM1-2-LR
1886,psl,101172.915886,historical,MPI-ESM1-2-LR
1887,psl,101184.181209,historical,MPI-ESM1-2-LR
1888,psl,101181.002422,historical,MPI-ESM1-2-LR
1889,psl,101163.924492,historical,MPI-ESM1-2-LR
1890,psl,101181.753004,historical,MPI-ESM1-2-LR
1891,psl,101180.823746,historical,MPI-ESM1-2-LR
1892,psl,101173.998859,historical,MPI-ESM1-2-LR
1893,psl,101172.563411,historical,MPI-ESM1-2-LR
1894,psl,101186.941638,historical,MPI-ESM1-2-LR
1895,psl,101173.979129,historical,MPI-ESM1-2-LR
1896,psl,101183.490583,historical,MPI-ESM1-2-LR
1897,psl,101177.898686,historical,MPI-ESM1-2-LR
1898,psl,101172.703636,historical,MPI-ESM1-2-LR
1899,psl,101170.500924,historical,MPI-ESM1-2-LR
1900,psl,101180.601136,historical,MPI-ESM1-2-LR
1901,psl,101175.135615,historical,MPI-ESM1-2-LR
1902,psl,101178.664823,historical,MPI-ESM1-2-LR
1903,psl,101184.03014,historical,MPI-ESM1-2-LR
1904,psl,101182.333854,historical,MPI-ESM1-2-LR
1905,psl,101173.058912,historical,MPI-ESM1-2-LR
1906,psl,101170.923975,historical,MPI-ESM1-2-LR
1907,psl,101175.723984,historical,MPI-ESM1-2-LR
1908,psl,101182.850637,historical,MPI-ESM1-2-LR
1909,psl,101175.692699,historical,MPI-ESM1-2-LR
1910,psl,101176.364166,historical,MPI-ESM1-2-LR
1911,psl,101169.087421,historical,MPI-ESM1-2-LR
1912,psl,101186.3306,historical,MPI-ESM1-2-LR
1913,psl,101183.644692,historical,MPI-ESM1-2-LR
1914,psl,101172.524646,historical,MPI-ESM1-2-LR
1915,psl,101183.1977,historical,MPI-ESM1-2-LR
1916,psl,101172.652464,historical,MPI-ESM1-2-LR
1917,psl,101170.109393,historical,MPI-ESM1-2-LR
1918,psl,101175.477519,historical,MPI-ESM1-2-LR
1919,psl,101177.820163,historical,MPI-ESM1-2-LR
1920,psl,101182.436079,historical,MPI-ESM1-2-LR
1921,psl,101182.884173,historical,MPI-ESM1-2-LR
1922,psl,101171.769179,historical,MPI-ESM1-2-LR
1923,psl,101176.355954,historical,MPI-ESM1-2-LR
1924,psl,101165.637805,historical,MPI-ESM1-2-LR
1925,psl,101173.942136,historical,MPI-ESM1-2-LR
1926,psl,101171.472785,historical,MPI-ESM1-2-LR
1927,psl,101172.846803,historical,MPI-ESM1-2-LR
1928,psl,101182.565823,historical,MPI-ESM1-2-LR
1929,psl,101170.574934,historical,MPI-ESM1-2-LR
1930,psl,101179.409072,historical,MPI-ESM1-2-LR
1931,psl,101175.776112,historical,MPI-ESM1-2-LR
1932,psl,101172.705836,historical,MPI-ESM1-2-LR
1933,psl,101175.855829,historical,MPI-ESM1-2-LR
1934,psl,101180.629911,historical,MPI-ESM1-2-LR
1935,psl,101175.994639,historical,MPI-ESM1-2-LR
1936,psl,101185.460333,historical,MPI-ESM1-2-LR
1937,psl,101178.919934,historical,MPI-ESM1-2-LR
1938,psl,101172.191477,historical,MPI-ESM1-2-LR
1939,psl,101173.342407,historical,MPI-ESM1-2-LR
1940,psl,101168.289483,historical,MPI-ESM1-2-LR
1941,psl,101179.116801,historical,MPI-ESM1-2-LR
1942,psl,101178.200966,historical,MPI-ESM1-2-LR
1943,psl,101178.546066,historical,MPI-ESM1-2-LR
1944,psl,101178.271036,historical,MPI-ESM1-2-LR
1945,psl,101176.007156,historical,MPI-ESM1-2-LR
1946,psl,101178.337088,historical,MPI-ESM1-2-LR
1947,psl,101179.757041,historical,MPI-ESM1-2-LR
1948,psl,101180.623459,historical,MPI-ESM1-2-LR
1949,psl,101162.929582,historical,MPI-ESM1-2-LR
1950,psl,101171.952625,historical,MPI-ESM1-2-LR
1951,psl,101165.826591,historical,MPI-ESM1-2-LR
1952,psl,101180.418637,historical,MPI-ESM1-2-LR
1953,psl,101161.535579,historical,MPI-ESM1-2-LR
1954,psl,101186.798411,historical,MPI-ESM1-2-LR
1955,psl,101184.826281,historical,MPI-ESM1-2-LR
1956,psl,101187.276539,historical,MPI-ESM1-2-LR
1957,psl,101178.059675,historical,MPI-ESM1-2-LR
1958,psl,101169.901144,historical,MPI-ESM1-2-LR
1959,psl,101182.127305,historical,MPI-ESM1-2-LR
1960,psl,101174.843709,historical,MPI-ESM1-2-LR
1961,psl,101160.343019,historical,MPI-ESM1-2-LR
1962,psl,101165.210411,historical,MPI-ESM1-2-LR
1963,psl,101162.945447,historical,MPI-ESM1-2-LR
1964,psl,101180.507007,historical,MPI-ESM1-2-LR
1965,psl,101163.385303,historical,MPI-ESM1-2-LR
1966,psl,101168.092062,historical,MPI-ESM1-2-LR
1967,psl,101191.313526,historical,MPI-ESM1-2-LR
1968,psl,101175.636255,historical,MPI-ESM1-2-LR
1969,psl,101173.258047,historical,MPI-ESM1-2-LR
1970,psl,101165.499827,historical,MPI-ESM1-2-LR
1971,psl,101168.485121,historical,MPI-ESM1-2-LR
1972,psl,101174.761464,historical,MPI-ESM1-2-LR
1973,psl,101177.606295,historical,MPI-ESM1-2-LR
1974,psl,101180.921688,historical,MPI-ESM1-2-LR
1975,psl,101174.904028,historical,MPI-ESM1-2-LR
1976,psl,101182.148798,historical,MPI-ESM1-2-LR
1977,psl,101172.894641,historical,MPI-ESM1-2-LR
1978,psl,101181.856734,historical,MPI-ESM1-2-LR
1979,psl,101178.44881,historical,MPI-ESM1-2-LR
1980,psl,101180.519657,historical,MPI-ESM1-2-LR
1981,psl,101171.551333,historical,MPI-ESM1-2-LR
1982,psl,101171.596067,historical,MPI-ESM1-2-LR
1983,psl,101173.820916,historical,MPI-ESM1-2-LR
1984,psl,101178.20419,historical,MPI-ESM1-2-LR
1985,psl,101175.845512,historical,MPI-ESM1-2-LR
1986,psl,101166.298453,historical,MPI-ESM1-2-LR
1987,psl,101176.477823,historical,MPI-ESM1-2-LR
1988,psl,101180.608622,historical,MPI-ESM1-2-LR
1989,psl,101163.763527,historical,MPI-ESM1-2-LR
1990,psl,101175.69798,historical,MPI-ESM1-2-LR
1991,psl,101177.448783,historical,MPI-ESM1-2-LR
1992,psl,101179.695068,historical,MPI-ESM1-2-LR
1993,psl,101166.312005,historical,MPI-ESM1-2-LR
1994,psl,101168.205777,historical,MPI-ESM1-2-LR
1995,psl,101167.600896,historical,MPI-ESM1-2-LR
1996,psl,101164.297309,historical,MPI-ESM1-2-LR
1997,psl,101182.404686,historical,MPI-ESM1-2-LR
1998,psl,101162.771314,historical,MPI-ESM1-2-LR
1999,psl,101168.284967,historical,MPI-ESM1-2-LR
2000,psl,101161.612864,historical,MPI-ESM1-2-LR
2001,psl,101173.580588,historical,MPI-ESM1-2-LR
2002,psl,101173.379197,historical,MPI-ESM1-2-LR
2003,psl,101165.396376,historical,MPI-ESM1-2-LR
2004,psl,101166.353099,historical,MPI-ESM1-2-LR
2005,psl,101171.407146,historical,MPI-ESM1-2-LR
2006,psl,101170.897995,historical,MPI-ESM1-2-LR
2007,psl,101165.915842,historical,MPI-ESM1-2-LR
2008,psl,101171.682096,historical,MPI-ESM1-2-LR
2009,psl,101165.326558,historical,MPI-ESM1-2-LR
2010,psl,101156.674636,historical,MPI-ESM1-2-LR
2011,psl,101163.975314,historical,MPI-ESM1-2-LR
2012,psl,101172.366871,historical,MPI-ESM1-2-LR
2013,psl,101173.243895,historical,MPI-ESM1-2-LR
2014,psl,101172.350917,historical,MPI-ESM1-2-LR
1850,rsds,196.257367,historical,MPI-ESM1-2-LR
1851,rsds,195.811553,historical,MPI-ESM1-2-LR
1852,rsds,194.298624,historical,MPI-ESM1-2-LR
1853,rsds,193.795777,historical,MPI-ESM1-2-LR
1854,rsds,193.252031,historical,MPI-ESM1-2-LR
1855,rsds,193.227035,historical,MPI-ESM1-2-LR
1856,rsds,194.746826,historical,MPI-ESM1-2-LR
1857,rsds,192.894458,historical,MPI-ESM1-2-LR
1858,rsds,191.580755,historical,MPI-ESM1-2-LR
1859,rsds,189.375635,historical,MPI-ESM1-2-LR
1860,rsds,194.294409,historical,MPI-ESM1-2-LR
1861,rsds,193.035193,historical,MPI-ESM1-2-LR
1862,rsds,193.443576,historical,MPI-ESM1-2-LR
1863,rsds,192.851505,historical,MPI-ESM1-2-LR
1864,rsds,193.308779,historical,MPI-ESM1-2-LR
1865,rsds,194.193264,historical,MPI-ESM1-2-LR
1866,rsds,193.981183,historical,MPI-ESM1-2-LR
1867,rsds,195.181183,historical,MPI-ESM1-2-LR
1868,rsds,191.734399,historical,MPI-ESM1-2-LR
1869,rsds,194.274151,historical,MPI-ESM1-2-LR
1870,rsds,197.491602,historical,MPI-ESM1-2-LR
1871,rsds,195.273932,historical,MPI-ESM1-2-LR
1872,rsds,192.234328,historical,MPI-ESM1-2-LR
1873,rsds,193.771202,historical,MPI-ESM1-2-LR
1874,rsds,196.071629,historical,MPI-ESM1-2-LR
1875,rsds,194.463952,historical,MPI-ESM1-2-LR
1876,rsds,192.557597,historical,MPI-ESM1-2-LR
1877,rsds,192.894063,historical,MPI-ESM1-2-LR
1878,rsds,192.516275,historical,MPI-ESM1-2-LR
1879,rsds,192.981061,historical,MPI-ESM1-2-LR
1880,rsds,193.061646,historical,MPI-ESM1-2-LR
1881,rsds,195.645689,historical,MPI-ESM1-2-LR
1882,rsds,191.744476,historical,MPI-ESM1-2-LR
1883,rsds,196.357747,historical,MPI-ESM1-2-LR
1884,rsds,190.588962,historical,MPI-ESM1-2-LR
1885,rsds,192.679626,historical,MPI-ESM1-2-LR
1886,rsds,196.322232,historical,MPI-ESM1-2-LR
1887,rsds,194.260832,historical,MPI-ESM1-2-LR
1888,rsds,195.768378,historical,MPI-ESM1-2-LR
1889,rsds,192.532271,historical,MPI-ESM1-2-LR
1890,rsds,194.616494,historical,MPI-ESM1-2-LR
1891,rsds,195.716652,historical,MPI-ESM1-2-LR
1892,rsds,194.135405,historical,MPI-ESM1-2-LR
1893,rsds,193.007375,historical,MPI-ESM1-2-LR
1894,rsds,195.600117,historical,MPI-ESM1-2-LR
1895,rsds,191.368952,historical,MPI-ESM1-2-LR
1896,rsds,191.332624,historical,MPI-ESM1-2-LR
1897,rsds,193.960122,historical,MPI-ESM1-2-LR
1898,rsds,193.175434,historical,MPI-ESM1-2-LR
1899,rsds,190.645075,historical,MPI-ESM1-2-LR
1900,rsds,194.111623,historical,MPI-ESM1-2-LR
1901,rsds,194.004008,historical,MPI-ESM1-2-LR
1902,rsds,196.640742,historical,MPI-ESM1-2-LR
1903,rsds,192.467576,historical,MPI-ESM1-2-LR
1904,rsds,193.064334,historical,MPI-ESM1-2-LR
1905,rsds,194.897156,historical,MPI-ESM1-2-LR
1906,rsds,191.393724,historical,MPI-ESM1-2-LR
1907,rsds,191.011667,historical,MPI-ESM1-2-LR
1908,rsds,196.156553,historical,MPI-ESM1-2-LR
1909,rsds,195.422826,historical,MPI-ESM1-2-LR
1910,rsds,194.639,historical,MPI-ESM1-2-LR
1911,rsds,195.222187,historical,MPI-ESM1-2-LR
1912,rsds,192.96997,historical,MPI-ESM1-2-LR
1913,rsds,191.072021,historical,MPI-ESM1-2-LR
1914,rsds,193.753209,historical,MPI-ESM1-2-LR
1915,rsds,193.856118,historical,MPI-ESM1-2-LR
1916,rsds,194.739422,historical,MPI-ESM1-2-LR
1917,rsds,195.611741,historical,MPI-ESM1-2-LR
1918,rsds,194.629662,historical,MPI-ESM1-2-LR
1919,rsds,196.430384,historical,MPI-ESM1-2-LR
1920,rsds,195.402755,historical,MPI-ESM1-2-LR
1921,rsds,191.381156,historical,MPI-ESM1-2-LR
1922,rsds,192.599725,historical,MPI-ESM1-2-LR
1923,rsds,190.306817,historical,MPI-ESM1-2-LR
1924,rsds,196.207684,historical,MPI-ESM1-2-LR
1925,rsds,194.877309,historical,MPI-ESM1-2-LR
1926,rsds,192.412273,historical,MPI-ESM1-2-LR
1927,rsds,191.790505,historical,MPI-ESM1-2-LR
1928,rsds,192.800297,historical,MPI-ESM1-2-LR
1929,rsds,193.356012,historical,MPI-ESM1-2-LR
1930,rsds,193.860733,historical,MPI-ESM1-2-LR
1931,rsds,195.921591,historical,MPI-ESM1-2-LR
1932,rsds,192.888313,historical,MPI-ESM1-2-LR
1933,rsds,193.250318,historical,MPI-ESM1-2-LR
1934,rsds,192.286739,historical,MPI-ESM1-2-LR
1935,rsds,193.911976,historical,MPI-ESM1-2-LR
1936,rsds,192.527271,historical,MPI-ESM1-2-LR
1937,rsds,192.35263,historical,MPI-ESM1-2-LR
1938,rsds,192.853124,historical,MPI-ESM1-2-LR
1939,rsds,194.38383,historical,MPI-ESM1-2-LR
1940,rsds,193.695137,historical,MPI-ESM1-2-LR
1941,rsds,192.576348,historical,MPI-ESM1-2-LR
1942,rsds,192.942473,historical,MPI-ESM1-2-LR
1943,rsds,193.873643,historical,MPI-ESM1-2-LR
1944,rsds,193.784577,historical,MPI-ESM1-2-LR
1945,rsds,191.246125,historical,MPI-ESM1-2-LR
1946,rsds,192.293226,historical,MPI-ESM1-2-LR
1947,rsds,192.519594,historical,MPI-ESM1-2-LR
1948,rsds,193.272226,historical,MPI-ESM1-2-LR
1949,rsds,191.865855,historical,MPI-ESM1-2-LR
1950,rsds,193.273726,historical,MPI-ESM1-2-LR
1951,rsds,193.653379,historical,MPI-ESM1-2-LR
1952,rsds,194.241164,historical,MPI-ESM1-2-LR
1953,rsds,192.387926,historical,MPI-ESM1-2-LR
1954,rsds,191.987525,historical,MPI-ESM1-2-LR
1955,rsds,194.40927,historical,MPI-ESM1-2-LR
1956,rsds,191.384541,historical,MPI-ESM1-2-LR
1957,rsds,193.36587,historical,MPI-ESM1-2-LR
1958,rsds,195.753889,historical,MPI-ESM1-2-LR
1959,rsds,196.115472,historical,MPI-ESM1-2-LR
1960,rsds,193.033785,historical,MPI-ESM1-2-LR
1961,rsds,197.277241,historical,MPI-ESM1-2-LR
1962,rsds,193.030203,historical,MPI-ESM1-2-LR
1963,rsds,193.325551,historical,MPI-ESM1-2-LR
1964,rsds,193.313485,historical,MPI-ESM1-2-LR
1965,rsds,193.116572,historical,MPI-ESM1-2-LR
1966,rsds,194.193227,historical,MPI-ESM1-2-LR
1967,rsds,193.497009,historical,MPI-ESM1-2-LR
1968,rsds,192.652074,historical,MPI-ESM1-2-LR
1969,rsds,195.572188,historical,MPI-ESM1-2-LR
1970,rsds,190.85093,historical,MPI-ESM1-2-LR
1971,rsds,193.557104,historical,MPI-ESM1-2-LR
1972,rsds,193.031897,historical,MPI-ESM1-2-LR
1973,rsds,194.437948,historical,MPI-ESM1-2-LR
1974,rsds,193.49667,historical,MPI-ESM1-2-LR
1975,rsds,189.826933,historical,MPI-ESM1-2-LR
1976,rsds,194.338735,historical,MPI-ESM1-2-LR
1977,rsds,193.061475,historical,MPI-ESM1-2-LR
1978,rsds,192.546572,historical,MPI-ESM1-2-LR
1979,rsds,193.144638,historical,MPI-ESM1-2-LR
1980,rsds,193.722846,historical,MPI-ESM1-2-LR
1981,rsds,191.854076,historical,MPI-ESM1-2-LR
1982,rsds,192.69313,historical,MPI-ESM1-2-LR
1983,rsds,189.100574,historical,MPI-ESM1-2-LR
1984,rsds,193.157077,historical,MPI-ESM1-2-LR
1985,rsds,192.358449,historical,MPI-ESM1-2-LR
1986,rsds,193.194652,historical,MPI-ESM1-2-LR
1987,rsds,191.625055,historical,MPI-ESM1-2-LR
1988,rsds,192.7555,historical,MPI-ESM1-2-LR
1989,rsds,192.377459,historical,MPI-ESM1-2-LR
1990,rsds,192.752349,historical,MPI-ESM1-2-LR
1991,rsds,191.861003,historical,MPI-ESM1-2-LR
1992,rsds,188.767291,historical,MPI-ESM1-2-LR
1993,rsds,191.332625,historical,MPI-ESM1-2-LR
1994,rsds,191.594304,historical,MPI-ESM1-2-LR
1995,rsds,193.397151,historical,MPI-ESM1-2-LR
1996,rsds,191.453702,historical,MPI-ESM1-2-LR
1997,rsds,193.842026,historical,MPI-ESM1-2-LR
1998,rsds,193.53831,historical,MPI-ESM1-2-LR
1999,rsds,192.504352,historical,MPI-ESM1-2-LR
2000,rsds,190.187777,historical,MPI-ESM1-2-LR
2001,rsds,193.09501,historical,MPI-ESM1-2-LR
2002,rsds,192.109495,historical,MPI-ESM1-2-LR
2003,rsds,192.07501,historical,MPI-ESM1-2-LR
2004,rsds,192.471003,historical,MPI-ESM1-2-LR
2005,rsds,193.328937,historical,MPI-ESM1-2-LR
2006,rsds,192.087938,historical,MPI-ESM1-2-LR
2007,rsds,191.91476,historical,MPI-ESM1-2-LR
2008,rsds,191.366514,historical,MPI-ESM1-2-LR
2009,rsds,191.610466,historical,MPI-ESM1-2-LR
2010,rsds,188.795435,historical,MPI-ESM1-2-LR
2011,rsds,190.637897,historical,MPI-ESM1-2-LR
2012,rsds,192.868967,historical,MPI-ESM1-2-LR
2013,rsds,191.260872,historical,MPI-ESM1-2-LR
2014,rsds,189.29957,historical,MPI-ESM1-2-LR
2015,tas,12.770856,ssp245,MPI-ESM1-2-LR
2016,tas,13.10349,ssp245,MPI-ESM1-2-LR
2017,tas,13.089699,ssp245,MPI-ESM1-2-LR
2018,tas,13.077325,ssp245,MPI-ESM1-2-LR
2019,tas,12.95766,ssp245,MPI-ESM1-2-LR
2020,tas,12.635526,ssp245,MPI-ESM1-2-LR
2021,tas,13.125919,ssp245,MPI-ESM1-2-LR
2022,tas,13.204817,ssp245,MPI-ESM1-2-LR
2023,tas,12.726161,ssp245,MPI-ESM1-2-LR
2024,tas,13.193425,ssp245,MPI-ESM1-2-LR
2025,tas,13.185662,ssp245,MPI-ESM1-2-LR
2026,tas,12.821155,ssp245,MPI-ESM1-2-LR
2027,tas,13.147033,ssp245,MPI-ESM1-2-LR
2028,tas,13.153618,ssp245,MPI-ESM1-2-LR
2029,tas,13.000307,ssp245,MPI-ESM1-2-LR
2030,tas,13.390735,ssp245,MPI-ESM1-2-LR
2031,tas,13.129717,ssp245,MPI-ESM1-2-LR
2032,tas,13.017694,ssp245,MPI-ESM1-2-LR
2033,tas,13.243688,ssp245,MPI-ESM1-2-LR
2034,tas,13.282702,ssp245,MPI-ESM1-2-LR
2035,tas,13.455227,ssp245,MPI-ESM1-2-LR
2036,tas,13.061064,ssp245,MPI-ESM1-2-LR
2037,tas,13.102199,ssp245,MPI-ESM1-2-LR
2038,tas,13.347588,ssp245,MPI-ESM1-2-LR
2039,tas,13.054908,ssp245,MPI-ESM1-2-LR
2040,tas,13.443261,ssp245,MPI-ESM1-2-LR
2041,tas,13.63757,ssp245,MPI-ESM1-2-LR
2042,tas,13.911782,ssp245,MPI-ESM1-2-LR
2043,tas,13.513031,ssp245,MPI-ESM1-2-LR
2044,tas,13.083152,ssp245,MPI-ESM1-2-LR
2045,tas,13.757761,ssp245,MPI-ESM1-2-LR
2046,tas,13.165714,ssp245,MPI-ESM1-2-LR
2047,tas,13.557894,ssp245,MPI-ESM1-2-LR
2048,tas,13.850482,ssp245,MPI-ESM1-2-LR
2049,tas,13.875692,ssp245,MPI-ESM1-2-LR
2050,tas,13.825838,ssp245,MPI-ESM1-2-LR
2051,tas,13.710318,ssp245,MPI-ESM1-2-LR
2052,tas,14.003145,ssp245,MPI-ESM1-2-LR
2053,tas,13.90598,ssp245,MPI-ESM1-2-LR
2054,tas,13.721501,ssp245,MPI-ESM1-2-LR
2055,tas,13.983839,ssp245,MPI-ESM1-2-LR
2056,tas,13.67881,ssp245,MPI-ESM1-2-LR
2057,tas,13.372013,ssp245,MPI-ESM1-2-LR
2058,tas,13.767259,ssp245,MPI-ESM1-2-LR
2059,tas,14.006262,ssp245,MPI-ESM1-2-LR
2060,tas,13.897828,ssp245,MPI-ESM1-2-LR
2061,tas,13.342809,ssp245,MPI-ESM1-2-LR
2062,tas,13.496665,ssp245,MPI-ESM1-2-LR
2063,tas,13.883243,ssp245,MPI-ESM1-2-LR
2064,tas,14.183368,ssp245,MPI-ESM1-2-LR
2065,tas,13.819926,ssp245,MPI-ESM1-2-LR
2066,tas,13.784704,ssp245,MPI-ESM1-2-LR
2067,tas,14.072488,ssp245,MPI-ESM1-2-LR
2068,tas,14.03757,ssp245,MPI-ESM1-2-LR
2069,tas,13.81367,ssp245,MPI-ESM1-2-LR
2070,tas,13.795045,ssp245,MPI-ESM1-2-LR
2071,tas,13.718993,ssp245,MPI-ESM1-2-LR
2072,tas,13.864793,ssp245,MPI-ESM1-2-LR
2073,tas,14.176562,ssp245,MPI-ESM1-2-LR
2074,tas,13.937065,ssp245,MPI-ESM1-2-LR
2075,tas,14.201755,ssp245,MPI-ESM1-2-LR
2076,tas,14.28145,ssp245,MPI-ESM1-2-LR
2077,tas,14.192191,ssp245,MPI-ESM1-2-LR
2078,tas,13.96554,ssp245,MPI-ESM1-2-LR
2079,tas,14.431601,ssp245,MPI-ESM1-2-LR
2080,tas,14.004579,ssp245,MPI-ESM1-2-LR
2081,tas,13.81759,ssp245,MPI-ESM1-2-LR
2082,tas,14.428065,ssp245,MPI-ESM1-2-LR
2083,tas,14.396251,ssp245,MPI-ESM1-2-LR
2084,tas,14.170809,ssp245,MPI-ESM1-2-LR
2085,tas,13.866366,ssp245,MPI-ESM1-2-LR
2086,tas,14.379478,ssp245,MPI-ESM1-2-LR
2087,tas,14.109854,ssp245,MPI-ESM1-2-LR
2088,tas,14.235661,ssp245,MPI-ESM1-2-LR
2089,tas,14.321792,ssp245,MPI-ESM1-2-LR
2090,tas,14.394313,ssp245,MPI-ESM1-2-LR
2091,tas,14.499574,ssp245,MPI-ESM1-2-LR
2092,tas,14.449413,ssp245,MPI-ESM1-2-LR
2093,tas,14.45013,ssp245,MPI-ESM1-2-LR
2094,tas,14.276873,ssp245,MPI-ESM1-2-LR
2095,tas,14.238829,ssp245,MPI-ESM1-2-LR
2096,tas,14.164997,ssp245,MPI-ESM1-2-LR
2097,tas,14.587938,ssp245,MPI-ESM1-2-LR
2098,tas,14.647444,ssp245,MPI-ESM1-2-LR
2099,tas,14.44868,ssp245,MPI-ESM1-2-LR
2100,tas,14.393165,ssp245,MPI-ESM1-2-LR
2015,tas,12.940547,ssp585,MPI-ESM1-2-LR
2016,tas,12.901148,ssp585,MPI-ESM1-2-LR
2017,tas,13.1115,ssp585,MPI-ESM1-2-LR
2018,tas,13.103826,ssp585,MPI-ESM1-2-LR
2019,tas,12.951259,ssp585,MPI-ESM1-2-LR
2020,tas,12.508915,ssp585,MPI-ESM1-2-LR
2021,tas,12.871597,ssp585,MPI-ESM1-2-LR
2022,tas,13.008332,ssp585,MPI-ESM1-2-LR
2023,tas,13.058396,ssp585,MPI-ESM1-2-LR
2024,tas,13.03721,ssp585,MPI-ESM1-2-LR
2025,tas,13.224395,ssp585,MPI-ESM1-2-LR
2026,tas,12.807,ssp585,MPI-ESM1-2-LR
2027,tas,13.097512,ssp585,MPI-ESM1-2-LR
2028,tas,13.317161,ssp585,MPI-ESM1-2-LR
2029,tas,13.233427,ssp585,MPI-ESM1-2-LR
2030,tas,13.035877,ssp585,MPI-ESM1-2-LR
2031,tas,13.186236,ssp585,MPI-ESM1-2-LR
2032,tas,13.547352,ssp585,MPI-ESM1-2-LR
2033,tas,13.196105,ssp585,MPI-ESM1-2-LR
2034,tas,13.267813,ssp585,MPI-ESM1-2-LR
2035,tas,12.788324,ssp585,MPI-ESM1-2-LR
2036,tas,13.319991,ssp585,MPI-ESM1-2-LR
2037,tas,13.242446,ssp585,MPI-ESM1-2-LR
2038,tas,13.526708,ssp585,MPI-ESM1-2-LR
2039,tas,13.67685,ssp585,MPI-ESM1-2-LR
2040,tas,13.468531,ssp585,MPI-ESM1-2-LR
2041,tas,13.480281,ssp585,MPI-ESM1-2-LR
2042,tas,13.33534,ssp585,MPI-ESM1-2-LR
2043,tas,13.786855,ssp585,MPI-ESM1-2-LR
2044,tas,13.81347,ssp585,MPI-ESM1-2-LR
2045,tas,13.77746,ssp585,MPI-ESM1-2-LR
2046,tas,13.90567,ssp585,MPI-ESM1-2-LR
2047,tas,13.536012,ssp585,MPI-ESM1-2-LR
2048,tas,13.473968,ssp585,MPI-ESM1-2-LR
2049,tas,14.058257,ssp585,MPI-ESM1-2-LR
2050,tas,14.157177,ssp585,MPI-ESM1-2-LR
2051,tas,13.769454,ssp585,MPI-ESM1-2-LR
2052,tas,13.920122,ssp585,MPI-ESM1-2-LR
2053,tas,14.013615,ssp585,MPI-ESM1-2-LR
2054,tas,14.276076,ssp585,MPI-ESM1-2-LR
2055,tas,14.176777,ssp585,MPI-ESM1-2-LR
2056,tas,14.024875,ssp585,MPI-ESM1-2-LR
2057,tas,13.913007,ssp585,MPI-ESM1-2-LR
2058,tas,14.068487,ssp585,MPI-ESM1-2-LR
2059,tas,14.427353,ssp585,MPI-ESM1-2-LR
2060,tas,14.279504,ssp585,MPI-ESM1-2-LR
2061,tas,14.513689,ssp585,MPI-ESM1-2-LR
2062,tas,14.369051,ssp585,MPI-ESM1-2-LR
2063,tas,14.429686,ssp585,MPI-ESM1-2-LR
2064,tas,14.406964,ssp585,MPI-ESM1-2-LR
2065,tas,14.394985,ssp585,MPI-ESM1-2-LR
2066,tas,14.614242,ssp585,MPI-ESM1-2-LR
2067,tas,14.624254,ssp585,MPI-ESM1-2-LR
2068,tas,14.473443,ssp585,MPI-ESM1-2-LR
2069,tas,14.803852,ssp585,MPI-ESM1-2-LR
2070,tas,15.043192,ssp585,MPI-ESM1-2-LR
2071,tas,15.48229,ssp585,MPI-ESM1-2-LR
2072,tas,14.850664,ssp585,MPI-ESM1-2-LR
2073,tas,14.745378,ssp585,MPI-ESM1-2-LR
2074,tas,14.940267,ssp585,MPI-ESM1-2-LR
2075,tas,15.58712,ssp585,MPI-ESM1-2-LR
2076,tas,15.473693,ssp585,MPI-ESM1-2-LR
2077,tas,15.189622,ssp585,MPI-ESM1-2-LR
2078,tas,15.21425,ssp585,MPI-ESM1-2-LR
2079,tas,14.792607,ssp585,MPI-ESM1-2-LR
2080,tas,15.351078,ssp585,MPI-ESM1-2-LR
2081,tas,15.494169,ssp585,MPI-ESM1-2-LR
2082,tas,15.47827,ssp585,MPI-ESM1-2-LR
2083,tas,15.722317,ssp585,MPI-ESM1-2-LR
2084,tas,15.728012,ssp585,MPI-ESM1-2-LR
2085,tas,15.71458,ssp585,MPI-ESM1-2-LR
2086,tas,15.429409,ssp585,MPI-ESM1-2-LR
2087,tas,15.673557,ssp585,MPI-ESM1-2-LR
2088,tas,15.908639,ssp585,MPI-ESM1-2-LR
2089,tas,15.903607,ssp585,MPI-ESM1-2-LR
2090,tas,15.734116,ssp585,MPI-ESM1-2-LR
2091,tas,16.01277,ssp585,MPI-ESM1-2-LR
2092,tas,15.734469,ssp585,MPI-ESM1-2-LR
2093,tas,15.662132,ssp585,MPI-ESM1-2-LR
2094,tas,16.173496,ssp585,MPI-ESM1-2-LR
2095,tas,16.236638,ssp585,MPI-ESM1-2-LR
2096,tas,16.065787,ssp585,MPI-ESM1-2-LR
2097,tas,15.914642,ssp585,MPI-ESM1-2-LR
2098,tas,16.477171,ssp585,MPI-ESM1-2-LR
2099,tas,16.170436,ssp585,MPI-ESM1-2-LR
2100,tas,16.253871,ssp585,MPI-ESM1-2-LR
2015,pr,2.721954,ssp245,MPI-ESM1-2-LR
2016,pr,3.110384,ssp245,MPI-ESM1-2-LR
2017,pr,2.774289,ssp245,MPI-ESM1-2-LR
2018,pr,2.921396,ssp245,MPI-ESM1-2-LR
2019,pr,2.903768,ssp245,MPI-ESM1-2-LR
2020,pr,2.771688,ssp245,MPI-ESM1-2-LR
2021,pr,2.989139,ssp245,MPI-ESM1-2-LR
2022,pr,2.966269,ssp245,MPI-ESM1-2-LR
2023,pr,2.769265,ssp245,MPI-ESM1-2-LR
2024,pr,2.845698,ssp245,MPI-ESM1-2-LR
2025,pr,2.89083,ssp245,MPI-ESM1-2-LR
2026,pr,2.837247,ssp245,MPI-ESM1-2-LR
2027,pr,3.019006,ssp245,MPI-ESM1-2-LR
2028,pr,2.791602,ssp245,MPI-ESM1-2-LR
2029,pr,2.898802,ssp245,MPI-ESM1-2-LR
2030,pr,2.750894,ssp245,MPI-ESM1-2-LR
2031,pr,2.851487,ssp245,MPI-ESM1-2-LR
2032,pr,2.904982,ssp245,MPI-ESM1-2-LR
2033,pr,2.889691,ssp245,MPI-ESM1-2-LR
2034,pr,2.864944,ssp245,MPI-ESM1-2-LR
2035,pr,2.956834,ssp245,MPI-ESM1-2-LR
2036,pr,2.84813,ssp245,MPI-ESM1-2-LR
2037,pr,2.868223,ssp245,MPI-ESM1-2-LR
2038,pr,2.706406,ssp245,MPI-ESM1-2-LR
2039,pr,2.936234,ssp245,MPI-ESM1-2-LR
2040,pr,2.811118,ssp245,MPI-ESM1-2-LR
2041,pr,2.609955,ssp245,MPI-ESM1-2-LR
2042,pr,3.102122,ssp245,MPI-ESM1-2-LR
2043,pr,2.666763,ssp245,MPI-ESM1-2-LR
2044,pr,2.778009,ssp245,MPI-ESM1-2-LR
2045,pr,2.642078,ssp245,MPI-ESM1-2-LR
2046,pr,2.838883,ssp245,MPI-ESM1-2-LR
2047,pr,2.686705,ssp245,MPI-ESM1-2-LR
2048,pr,2.78036,ssp245,MPI-ESM1-2-LR
2049,pr,2.713053,ssp245,MPI-ESM1-2-LR
2050,pr,2.99222,ssp245,MPI-ESM1-2-LR
2051,pr,3.257428,ssp245,MPI-ESM1-2-LR
2052,pr,2.791886,ssp245,MPI-ESM1-2-LR
2053,pr,3.12741,ssp245,MPI-ESM1-2-LR
2054,pr,2.845129,ssp245,MPI-ESM1-2-LR
2055,pr,2.836238,ssp245,MPI-ESM1-2-LR
2056,pr,2.791918,ssp245,MPI-ESM1-2-LR
2057,pr,2.755505,ssp245,MPI-ESM1-2-LR
2058,pr,2.934957,ssp245,MPI-ESM1-2-LR
2059,pr,3.055909,ssp245,MPI-ESM1-2-LR
2060,pr,2.700061,ssp245,MPI-ESM1-2-LR
2061,pr,2.728758,ssp245,MPI-ESM1-2-LR
2062,pr,2.841443,ssp245,MPI-ESM1-2-LR
2063,pr,2.967974,ssp245,MPI-ESM1-2-LR
2064,pr,2.66545,ssp245,MPI-ESM1-2-LR
2065,pr,2.891666,ssp245,MPI-ESM1-2-LR
2066,pr,2.860527,ssp245,MPI-ESM1-2-LR
2067,pr,3.026089,ssp245,MPI-ESM1-2-LR
2068,pr,2.862816,ssp245,MPI-ESM1-2-LR
2069,pr,2.87822,ssp245,MPI-ESM1-2-LR
2070,pr,3.008945,ssp245,MPI-ESM1-2-LR
2071,pr,2.998902,ssp245,MPI-ESM1-2-LR
2072,pr,2.724238,ssp245,MPI-ESM1-2-LR
2073,pr,2.73607,ssp245,MPI-ESM1-2-LR
2074,pr,2.859807,ssp245,MPI-ESM1-2-LR
2075,pr,2.895016,ssp245,MPI-ESM1-2-LR
2076,pr,2.560293,ssp245,MPI-ESM1-2-LR
2077,pr,3.073358,ssp245,MPI-ESM1-2-LR
2078,pr,2.900317,ssp245,MPI-ESM1-2-LR
2079,pr,2.784892,ssp245,MPI-ESM1-2-LR
2080,pr,2.910725,ssp245,MPI-ESM1-2-LR
2081,pr,2.889138,ssp245,MPI-ESM1-2-LR
2082,pr,2.978705,ssp245,MPI-ESM1-2-LR
2083,pr,2.822241,ssp245,MPI-ESM1-2-LR
2084,pr,2.87939,ssp245,MPI-ESM1-2-LR
2085,pr,3.043896,ssp245,MPI-ESM1-2-LR
2086,pr,2.852615,ssp245,MPI-ESM1-2-LR
2087,pr,2.759964,ssp245,MPI-ESM1-2-LR
2088,pr,3.080477,ssp245,MPI-ESM1-2-LR
2089,pr,2.891463,ssp245,MPI-ESM1-2-LR
2090,pr,2.722125,ssp245,MPI-ESM1-2-LR
2091,pr,2.814532,ssp245,MPI-ESM1-2-LR
2092,pr,2.915578,ssp245,MPI-ESM1-2-LR
2093,pr,3.012329,ssp245,MPI-ESM1-2-LR
2094,pr,2.80942,ssp245,MPI-ESM1-2-LR
2095,pr,2.794733,ssp245,MPI-ESM1-2-LR
2096,pr,2.763965,ssp245,MPI-ESM1-2-LR
2097,pr,3.021523,ssp245,MPI-ESM1-2-LR
2098,pr,2.95744,ssp245,MPI-ESM1-2-LR
2099,pr,2.873479,ssp245,MPI-ESM1-2-LR
2100,pr,2.82027,ssp245,MPI-ESM1-2-LR
2015,pr,3.032862,ssp585,MPI-ESM1-2-LR
2016,pr,2.898339,ssp585,MPI-ESM1-2-LR
2017,pr,2.691423,ssp585,MPI-ESM1-2-LR
2018,pr,2.982985,ssp585,MPI-ESM1-2-LR
2019,pr,2.848372,ssp585,MPI-ESM1-2-LR
2020,pr,2.967212,ssp585,MPI-ESM1-2-LR
2021,pr,2.951961,ssp585,MPI-ESM1-2-LR
2022,pr,2.642865,ssp585,MPI-ESM1-2-LR
2023,pr,3.001474,ssp585,MPI-ESM1-2-LR
2024,pr,2.963539,ssp585,MPI-ESM1-2-LR
2025,pr,2.805263,ssp585,MPI-ESM1-2-LR
2026,pr,3.217357,ssp585,MPI-ESM1-2-LR
2027,pr,3.031976,ssp585,MPI-ESM1-2-LR
2028,pr,2.881018,ssp585,MPI-ESM1-2-LR
2029,pr,3.077923,ssp585,MPI-ESM1-2-LR
2030,pr,2.963394,ssp585,MPI-ESM1-2-LR
2031,pr,2.927527,ssp585,MPI-ESM1-2-LR
2032,pr,2.919753,ssp585,MPI-ESM1-2-LR
2033,pr,2.916076,ssp585,MPI-ESM1-2-LR
2034,pr,2.907006,ssp585,MPI-ESM1-2-LR
2035,pr,2.645668,ssp585,MPI-ESM1-2-LR
2036,pr,3.046424,ssp585,MPI-ESM1-2-LR
2037,pr,2.782249,ssp585,MPI-ESM1-2-LR
2038,pr,3.009607,ssp585,MPI-ESM1-2-LR
2039,pr,2.901057,ssp585,MPI-ESM1-2-LR
2040,pr,2.796341,ssp585,MPI-ESM1-2-LR
2041,pr,2.89215,ssp585,MPI-ESM1-2-LR
2042,pr,3.109359,ssp585,MPI-ESM1-2-LR
2043,pr,3.040317,ssp585,MPI-ESM1-2-LR
2044,pr,2.827045,ssp585,MPI-ESM1-2-LR
2045,pr,3.194105,ssp585,MPI-ESM1-2-LR
2046,pr,2.941528,ssp585,MPI-ESM1-2-LR
2047,pr,2.769434,ssp585,MPI-ESM1-2-LR
2048,pr,2.816801,ssp585,MPI-ESM1-2-LR
2049,pr,2.956812,ssp585,MPI-ESM1-2-LR
2050,pr,2.90682,ssp585,MPI-ESM1-2-LR
2051,pr,2.764742,ssp585,MPI-ESM1-2-LR
2052,pr,2.530384,ssp585,MPI-ESM1-2-LR
2053,pr,3.011891,ssp585,MPI-ESM1-2-LR
2054,pr,2.593061,ssp585,MPI-ESM1-2-LR
2055,pr,3.121322,ssp585,MPI-ESM1-2-LR
2056,pr,2.870518,ssp585,MPI-ESM1-2-LR
2057,pr,2.874344,ssp585,MPI-ESM1-2-LR
2058,pr,2.933044,ssp585,MPI-ESM1-2-LR
2059,pr,3.023777,ssp585,MPI-ESM1-2-LR
2060,pr,3.005671,ssp585,MPI-ESM1-2-LR
2061,pr,3.137762,ssp585,MPI-ESM1-2-LR
2062,pr,2.981556,ssp585,MPI-ESM1-2-LR
2063,pr,2.920397,ssp585,MPI-ESM1-2-LR
2064,pr,2.926485,ssp585,MPI-ESM1-2-LR
2065,pr,2.876728,ssp585,MPI-ESM1-2-LR
2066,pr,2.949884,ssp585,MPI-ESM1-2-LR
2067,pr,2.75297,ssp585,MPI-ESM1-2-LR
2068,pr,2.807524,ssp585,MPI-ESM1-2-LR
2069,pr,2.811207,ssp585,MPI-ESM1-2-LR
2070,pr,3.07822,ssp585,MPI-ESM1-2-LR
2071,pr,2.825275,ssp585,MPI-ESM1-2-LR
2072,pr,2.91023,ssp585,MPI-ESM1-2-LR
2073,pr,2.77189,ssp585,MPI-ESM1-2-LR
2074,pr,2.879934,ssp585,MPI-ESM1-2-LR
2075,pr,3.094707,ssp585,MPI-ESM1-2-LR
2076,pr,2.830806,ssp585,MPI-ESM1-2-LR
2077,pr,3.030481,ssp585,MPI-ESM1-2-LR
2078,pr,2.924015,ssp585,MPI-ESM1-2-LR
2079,pr,2.936883,ssp585,MPI-ESM1-2-LR
2080,pr,2.797836,ssp585,MPI-ESM1-2-LR
2081,pr,2.908344,ssp585,MPI-ESM1-2-LR
2082,pr,3.048685,ssp585,MPI-ESM1-2-LR
2083,pr,2.991764,ssp585,MPI-ESM1-2-LR
2084,pr,3.161642,ssp585,MPI-ESM1-2-LR
2085,pr,2.855093,ssp585,MPI-ESM1-2-LR
2086,pr,3.209628,ssp585,MPI-ESM1-2-LR
2087,pr,2.721757,ssp585,MPI-ESM1-2-LR
2088,pr,2.834414,ssp585,MPI-ESM1-2-LR
2089,pr,2.751084,ssp585,MPI-ESM1-2-LR
2090,pr,3.100781,ssp585,MPI-ESM1-2-LR
2091,pr,2.890483,ssp585,MPI-ESM1-2-LR
2092,pr,3.062657,ssp585,MPI-ESM1-2-LR
2093,pr,2.730296,ssp585,MPI-ESM1-2-LR
2094,pr,2.958841,ssp585,MPI-ESM1-2-LR
2095,pr,3.145993,ssp585,MPI-ESM1-2-LR
2096,pr,3.230006,ssp585,MPI-ESM1-2-LR
2097,pr,2.940473,ssp585,MPI-ESM1-2-LR
2098,pr,2.965514,ssp585,MPI-ESM1-2-LR
2099,pr,2.957831,ssp585,MPI-ESM1-2-LR
2100,pr,2.841003,ssp585,MPI-ESM1-2-LR
2015,sfcWind,6.241966,ssp245,MPI-ESM1-2-LR
2016,sfcWind,6.681813,ssp245,MPI-ESM1-2-LR
2017,sfcWind,6.430648,ssp245,MPI-ESM1-2-LR
2018,sfcWind,6.448568,ssp245,MPI-ESM1-2-LR
2019,sfcWind,6.4011,ssp245,MPI-ESM1-2-LR
2020,sfcWind,6.148578,ssp245,MPI-ESM1-2-LR
2021,sfcWind,6.35493,ssp245,MPI-ESM1-2-LR
2022,sfcWind,6.647668,ssp245,MPI-ESM1-2-LR
2023,sfcWind,6.196765,ssp245,MPI-ESM1-2-LR
2024,sfcWind,6.127428,ssp245,MPI-ESM1-2-LR
2025,sfcWind,6.364714,ssp245,MPI-ESM1-2-LR
2026,sfcWind,6.448538,ssp245,MPI-ESM1-2-LR
2027,sfcWind,6.4913,ssp245,MPI-ESM1-2-LR
2028,sfcWind,5.951939,ssp245,MPI-ESM1-2-LR
2029,sfcWind,6.287964,ssp245,MPI-ESM1-2-LR
2030,sfcWind,6.072772,ssp245,MPI-ESM1-2-LR
2031,sfcWind,6.21768,ssp245,MPI-ESM1-2-LR
2032,sfcWind,6.336862,ssp245,MPI-ESM1-2-LR
2033,sfcWind,6.270909,ssp245,MPI-ESM1-2-LR
2034,sfcWind,6.131873,ssp245,MPI-ESM1-2-LR
2035,sfcWind,6.382923,ssp245,MPI-ESM1-2-LR
2036,sfcWind,6.40712,ssp245,MPI-ESM1-2-LR
2037,sfcWind,5.967301,ssp245,MPI-ESM1-2-LR
2038,sfcWind,6.032816,ssp245,MPI-ESM1-2-LR
2039,sfcWind,6.370007,ssp245,MPI-ESM1-2-LR
2040,sfcWind,6.229398,ssp245,MPI-ESM1-2-LR
2041,sfcWind,6.14477,ssp245,MPI-ESM1-2-LR
2042,sfcWind,6.372308,ssp245,MPI-ESM1-2-LR
2043,sfcWind,5.969712,ssp245,MPI-ESM1-2-LR
2044,sfcWind,6.359198,ssp245,MPI-ESM1-2-LR
2045,sfcWind,6.025918,ssp245,MPI-ESM1-2-LR
2046,sfcWind,6.175411,ssp245,MPI-ESM1-2-LR
2047,sfcWind,5.942049,ssp245,MPI-ESM1-2-LR
2048,sfcWind,5.939406,ssp245,MPI-ESM1-2-LR
2049,sfcWind,6.185034,ssp245,MPI-ESM1-2-LR
2050,sfcWind,6.359961,ssp245,MPI-ESM1-2-LR
2051,sfcWind,6.915917,ssp245,MPI-ESM1-2-LR
2052,sfcWind,6.461337,ssp245,MPI-ESM1-2-LR
2053,sfcWind,6.532831,ssp245,MPI-ESM1-2-LR
2054,sfcWind,6.107831,ssp245,MPI-ESM1-2-LR
2055,sfcWind,6.336747,ssp245,MPI-ESM1-2-LR
2056,sfcWind,6.367706,ssp245,MPI-ESM1-2-LR
2057,sfcWind,5.984817,ssp245,MPI-ESM1-2-LR
2058,sfcWind,6.212406,ssp245,MPI-ESM1-2-LR
2059,sfcWind,6.339341,ssp245,MPI-ESM1-2-LR
2060,sfcWind,5.952699,ssp245,MPI-ESM1-2-LR
2061,sfcWind,5.829043,ssp245,MPI-ESM1-2-LR
2062,sfcWind,6.235553,ssp245,MPI-ESM1-2-LR
2063,sfcWind,6.14014,ssp245,MPI-ESM1-2-LR
2064,sfcWind,6.146244,ssp245,MPI-ESM1-2-LR
2065,sfcWind,6.0126,ssp245,MPI-ESM1-2-LR
2066,sfcWind,6.314268,ssp245,MPI-ESM1-2-LR
2067,sfcWind,6.489531,ssp245,MPI-ESM1-2-LR
2068,sfcWind,6.138869,ssp245,MPI-ESM1-2-LR
2069,sfcWind,6.308005,ssp245,MPI-ESM1-2-LR
2070,sfcWind,6.246602,ssp245,MPI-ESM1-2-LR
2071,sfcWind,6.375967,ssp245,MPI-ESM1-2-LR
2072,sfcWind,6.27164,ssp245,MPI-ESM1-2-LR
2073,sfcWind,6.080927,ssp245,MPI-ESM1-2-LR
2074,sfcWind,6.095732,ssp245,MPI-ESM1-2-LR
2075,sfcWind,6.28167,ssp245,MPI-ESM1-2-LR
2076,sfcWind,5.920216,ssp245,MPI-ESM1-2-LR
2077,sfcWind,6.503122,ssp245,MPI-ESM1-2-LR
2078,sfcWind,6.250872,ssp245,MPI-ESM1-2-LR
2079,sfcWind,5.990469,ssp245,MPI-ESM1-2-LR
2080,sfcWind,6.227051,ssp245,MPI-ESM1-2-LR
2081,sfcWind,5.923991,ssp245,MPI-ESM1-2-LR
2082,sfcWind,6.277322,ssp245,MPI-ESM1-2-LR
2083,sfcWind,6.16673,ssp245,MPI-ESM1-2-LR
2084,sfcWind,6.055333,ssp245,MPI-ESM1-2-LR
2085,sfcWind,6.207824,ssp245,MPI-ESM1-2-LR
2086,sfcWind,6.390876,ssp245,MPI-ESM1-2-LR
2087,sfcWind,5.865926,ssp245,MPI-ESM1-2-LR
2088,sfcWind,6.382065,ssp245,MPI-ESM1-2-LR
2089,sfcWind,6.08596,ssp245,MPI-ESM1-2-LR
2090,sfcWind,6.265748,ssp245,MPI-ESM1-2-LR
2091,sfcWind,6.212147,ssp245,MPI-ESM1-2-LR
2092,sfcWind,6.472878,ssp245,MPI-ESM1-2-LR
2093,sfcWind,6.222449,ssp245,MPI-ESM1-2-LR
2094,sfcWind,6.145637,ssp245,MPI-ESM1-2-LR
2095,sfcWind,6.036444,ssp245,MPI-ESM1-2-LR
2096,sfcWind,6.162619,ssp245,MPI-ESM1-2-LR
2097,sfcWind,6.297865,ssp245,MPI-ESM1-2-LR
2098,sfcWind,6.325279,ssp245,MPI-ESM1-2-LR
2099,sfcWind,6.478139,ssp245,MPI-ESM1-2-LR
2100,sfcWind,6.341447,ssp245,MPI-ESM1-2-LR
2015,sfcWind,6.474753,ssp585,MPI-ESM1-2-LR
2016,sfcWind,6.474384,ssp585,MPI-ESM1-2-LR
2017,sfcWind,6.030525,ssp585,MPI-ESM1-2-LR
2018,sfcWind,6.529415,ssp585,MPI-ESM1-2-LR
2019,sfcWind,6.122797,ssp585,MPI-ESM1-2-LR
2020,sfcWind,6.215039,ssp585,MPI-ESM1-2-LR
2021,sfcWind,6.390171,ssp585,MPI-ESM1-2-LR
2022,sfcWind,5.995453,ssp585,MPI-ESM1-2-LR
2023,sfcWind,6.326088,ssp585,MPI-ESM1-2-LR
2024,sfcWind,6.498132,ssp585,MPI-ESM1-2-LR
2025,sfcWind,6.295643,ssp585,MPI-ESM1-2-LR
2026,sfcWind,6.531673,ssp585,MPI-ESM1-2-LR
2027,sfcWind,6.513474,ssp585,MPI-ESM1-2-LR
2028,sfcWind,6.348636,ssp585,MPI-ESM1-2-LR
2029,sfcWind,6.756838,ssp585,MPI-ESM1-2-LR
2030,sfcWind,6.594773,ssp585,MPI-ESM1-2-LR
2031,sfcWind,6.295988,ssp585,MPI-ESM1-2-LR
2032,sfcWind,6.236875,ssp585,MPI-ESM1-2-LR
2033,sfcWind,6.435988,ssp585,MPI-ESM1-2-LR
2034,sfcWind,6.331,ssp585,MPI-ESM1-2-LR
2035,sfcWind,5.854439,ssp585,MPI-ESM1-2-LR
2036,sfcWind,6.269059,ssp585,MPI-ESM1-2-LR
2037,sfcWind,5.968153,ssp585,MPI-ESM1-2-LR
2038,sfcWind,6.594063,ssp585,MPI-ESM1-2-LR
2039,sfcWind,6.059303,ssp585,MPI-ESM1-2-LR
2040,sfcWind,6.233271,ssp585,MPI-ESM1-2-LR
2041,sfcWind,6.46514,ssp585,MPI-ESM1-2-LR
2042,sfcWind,6.412254,ssp585,MPI-ESM1-2-LR
2043,sfcWind,6.381598,ssp585,MPI-ESM1-2-LR
2044,sfcWind,6.236186,ssp585,MPI-ESM1-2-LR
2045,sfcWind,6.457669,ssp585,MPI-ESM1-2-LR
2046,sfcWind,6.234513,ssp585,MPI-ESM1-2-LR
2047,sfcWind,5.990258,ssp585,MPI-ESM1-2-LR
2048,sfcWind,5.895051,ssp585,MPI-ESM1-2-LR
2049,sfcWind,6.374713,ssp585,MPI-ESM1-2-LR
2050,sfcWind,6.109984,ssp585,MPI-ESM1-2-LR
2051,sfcWind,6.185193,ssp585,MPI-ESM1-2-LR
2052,sfcWind,6.155197,ssp585,MPI-ESM1-2-LR
2053,sfcWind,6.216968,ssp585,MPI-ESM1-2-LR
2054,sfcWind,5.956161,ssp585,MPI-ESM1-2-LR
2055,sfcWind,6.544736,ssp585,MPI-ESM1-2-LR
2056,sfcWind,6.134825,ssp585,MPI-ESM1-2-LR
2057,sfcWind,6.328879,ssp585,MPI-ESM1-2-LR
2058,sfcWind,6.342891,ssp585,MPI-ESM1-2-LR
2059,sfcWind,6.184579,ssp585,MPI-ESM1-2-LR
2060,sfcWind,6.336875,ssp585,MPI-ESM1-2-LR
2061,sfcWind,6.524645,ssp585,MPI-ESM1-2-LR
2062,sfcWind,6.442459,ssp585,MPI-ESM1-2-LR
2063,sfcWind,6.248602,ssp585,MPI-ESM1-2-LR
2064,sfcWind,6.590778,ssp585,MPI-ESM1-2-LR
2065,sfcWind,6.202201,ssp585,MPI-ESM1-2-LR
2066,sfcWind,6.22453,ssp585,MPI-ESM1-2-LR
2067,sfcWind,5.789338,ssp585,MPI-ESM1-2-LR
2068,sfcWind,5.892114,ssp585,MPI-ESM1-2-LR
2069,sfcWind,6.284303,ssp585,MPI-ESM1-2-LR
2070,sfcWind,6.219883,ssp585,MPI-ESM1-2-LR
2071,sfcWind,6.287016,ssp585,MPI-ESM1-2-LR
2072,sfcWind,6.348303,ssp585,MPI-ESM1-2-LR
2073,sfcWind,5.859871,ssp585,MPI-ESM1-2-LR
2074,sfcWind,5.994084,ssp585,MPI-ESM1-2-LR
2075,sfcWind,6.369218,ssp585,MPI-ESM1-2-LR
2076,sfcWind,6.327462,ssp585,MPI-ESM1-2-LR
2077,sfcWind,6.325077,ssp585,MPI-ESM1-2-LR
2078,sfcWind,5.988246,ssp585,MPI-ESM1-2-LR
2079,sfcWind,6.615961,ssp585,MPI-ESM1-2-LR
2080,sfcWind,6.031611,ssp585,MPI-ESM1-2-LR
2081,sfcWind,6.174007,ssp585,MPI-ESM1-2-LR
2082,sfcWind,6.625081,ssp585,MPI-ESM1-2-LR
2083,sfcWind,6.389761,ssp585,MPI-ESM1-2-LR
2084,sfcWind,6.468287,ssp585,MPI-ESM1-2-LR
2085,sfcWind,6.123109,ssp585,MPI-ESM1-2-LR
2086,sfcWind,6.288274,ssp585,MPI-ESM1-2-LR
2087,sfcWind,6.023295,ssp585,MPI-ESM1-2-LR
2088,sfcWind,5.924001,ssp585,MPI-ESM1-2-LR
2089,sfcWind,5.982563,ssp585,MPI-ESM1-2-LR
2090,sfcWind,6.342714,ssp585,MPI-ESM1-2-LR
2091,sfcWind,6.010617,ssp585,MPI-ESM1-2-LR
2092,sfcWind,6.361649,ssp585,MPI-ESM1-2-LR
2093,sfcWind,6.071452,ssp585,MPI-ESM1-2-LR
2094,sfcWind,6.162,ssp585,MPI-ESM1-2-LR
2095,sfcWind,6.269556,ssp585,MPI-ESM1-2-LR
2096,sfcWind,6.378909,ssp585,MPI-ESM1-2-LR
2097,sfcWind,6.241735,ssp585,MPI-ESM1-2-LR
2098,sfcWind,6.279458,ssp585,MPI-ESM1-2-LR
2099,sfcWind,6.021763,ssp585,MPI-ESM1-2-LR
2100,sfcWind,5.962996,ssp585,MPI-ESM1-2-LR
2015,huss,0.009231,ssp245,MPI-ESM1-2-LR
2016,huss,0.009314,ssp245,MPI-ESM1-2-LR
2017,huss,0.009527,ssp245,MPI-ESM1-2-LR
2018,huss,0.00937,ssp245,MPI-ESM1-2-LR
2019,huss,0.00927,ssp245,MPI-ESM1-2-LR
2020,huss,0.009177,ssp245,MPI-ESM1-2-LR
2021,huss,0.009455,ssp245,MPI-ESM1-2-LR
2022,huss,0.009482,ssp245,MPI-ESM1-2-LR
2023,huss,0.009227,ssp245,MPI-ESM1-2-LR
2024,huss,0.009548,ssp245,MPI-ESM1-2-LR
2025,huss,0.009452,ssp245,MPI-ESM1-2-LR
2026,huss,0.009488,ssp245,MPI-ESM1-2-LR
2027,huss,0.009448,ssp245,MPI-ESM1-2-LR
2028,huss,0.009486,ssp245,MPI-ESM1-2-LR
2029,huss,0.009496,ssp245,MPI-ESM1-2-LR
2030,huss,0.009554,ssp245,MPI-ESM1-2-LR
2031,huss,0.009542,ssp245,MPI-ESM1-2-LR
2032,huss,0.009471,ssp245,MPI-ESM1-2-LR
2033,huss,0.009402,ssp245,MPI-ESM1-2-LR
2034,huss,0.009555,ssp245,MPI-ESM1-2-LR
2035,huss,0.009624,ssp245,MPI-ESM1-2-LR
2036,huss,0.009571,ssp245,MPI-ESM1-2-LR
2037,huss,0.009397,ssp245,MPI-ESM1-2-LR
2038,huss,0.009636,ssp245,MPI-ESM1-2-LR
2039,huss,0.00958,ssp245,MPI-ESM1-2-LR
2040,huss,0.009669,ssp245,MPI-ESM1-2-LR
2041,huss,0.009676,ssp245,MPI-ESM1-2-LR
2042,huss,0.009887,ssp245,MPI-ESM1-2-LR
2043,huss,0.009694,ssp245,MPI-ESM1-2-LR
2044,huss,0.009545,ssp245,MPI-ESM1-2-LR
2045,huss,0.009693,ssp245,MPI-ESM1-2-LR
2046,huss,0.009612,ssp245,MPI-ESM1-2-LR
2047,huss,0.009628,ssp245,MPI-ESM1-2-LR
2048,huss,0.009811,ssp245,MPI-ESM1-2-LR
2049,huss,0.009858,ssp245,MPI-ESM1-2-LR
2050,huss,0.009913,ssp245,MPI-ESM1-2-LR
2051,huss,0.009831,ssp245,MPI-ESM1-2-LR
2052,huss,0.00984,ssp245,MPI-ESM1-2-LR
2053,huss,0.009855,ssp245,MPI-ESM1-2-LR
2054,huss,0.009778,ssp245,MPI-ESM1-2-LR
2055,huss,0.009913,ssp245,MPI-ESM1-2-LR
2056,huss,0.009754,ssp245,MPI-ESM1-2-LR
2057,huss,0.009679,ssp245,MPI-ESM1-2-LR
2058,huss,0.00976,ssp245,MPI-ESM1-2-LR
2059,huss,0.00986,ssp245,MPI-ESM1-2-LR
2060,huss,0.010009,ssp245,MPI-ESM1-2-LR
2061,huss,0.009767,ssp245,MPI-ESM1-2-LR
2062,huss,0.009661,ssp245,MPI-ESM1-2-LR
2063,huss,0.009917,ssp245,MPI-ESM1-2-LR
2064,huss,0.009964,ssp245,MPI-ESM1-2-LR
2065,huss,0.009813,ssp245,MPI-ESM1-2-LR
2066,huss,0.009995,ssp245,MPI-ESM1-2-LR
2067,huss,0.010006,ssp245,MPI-ESM1-2-LR
2068,huss,0.010009,ssp245,MPI-ESM1-2-LR
2069,huss,0.009857,ssp245,MPI-ESM1-2-LR
2070,huss,0.0098,ssp245,MPI-ESM1-2-LR
2071,huss,0.009923,ssp245,MPI-ESM1-2-LR
2072,huss,0.009992,ssp245,MPI-ESM1-2-LR
2073,huss,0.009867,ssp245,MPI-ESM1-2-LR
2074,huss,0.009904,ssp245,MPI-ESM1-2-LR
2075,huss,0.009979,ssp245,MPI-ESM1-2-LR
2076,huss,0.010041,ssp245,MPI-ESM1-2-LR
2077,huss,0.009881,ssp245,MPI-ESM1-2-LR
2078,huss,0.009817,ssp245,MPI-ESM1-2-LR
2079,huss,0.009942,ssp245,MPI-ESM1-2-LR
2080,huss,0.009924,ssp245,MPI-ESM1-2-LR
2081,huss,0.009952,ssp245,MPI-ESM1-2-LR
2082,huss,0.010034,ssp245,MPI-ESM1-2-LR
2083,huss,0.009992,ssp245,MPI-ESM1-2-LR
2084,huss,0.009993,ssp245,MPI-ESM1-2-LR
2085,huss,0.009967,ssp245,MPI-ESM1-2-LR
2086,huss,0.009954,ssp245,MPI-ESM1-2-LR
2087,huss,0.009965,ssp245,MPI-ESM1-2-LR
2088,huss,0.009934,ssp245,MPI-ESM1-2-LR
2089,huss,0.009956,ssp245,MPI-ESM1-2-LR
2090,huss,0.01012,ssp245,MPI-ESM1-2-LR
2091,huss,0.010017,ssp245,MPI-ESM1-2-LR
2092,huss,0.010037,ssp245,MPI-ESM1-2-LR
2093,huss,0.010092,ssp245,MPI-ESM1-2-LR
2094,huss,0.010037,ssp245,MPI-ESM1-2-LR
2095,huss,0.010125,ssp245,MPI-ESM1-2-LR
2096,huss,0.010102,ssp245,MPI-ESM1-2-LR
2097,huss,0.010139,ssp245,MPI-ESM1-2-LR
2098,huss,0.010024,ssp245,MPI-ESM1-2-LR
2099,huss,0.010088,ssp245,MPI-ESM1-2-LR
2100,huss,0.009978,ssp245,MPI-ESM1-2-LR
2015,huss,0.009294,ssp585,MPI-ESM1-2-LR
2016,huss,0.00946,ssp585,MPI-ESM1-2-LR
2017,huss,0.009418,ssp585,MPI-ESM1-2-LR
2018,huss,0.009418,ssp585,MPI-ESM1-2-LR
2019,huss,0.009395,ssp585,MPI-ESM1-2-LR
2020,huss,0.009188,ssp585,MPI-ESM1-2-LR
2021,huss,0.009363,ssp585,MPI-ESM1-2-LR
2022,huss,0.00944,ssp585,MPI-ESM1-2-LR
2023,huss,0.009505,ssp585,MPI-ESM1-2-LR
2024,huss,0.009519,ssp585,MPI-ESM1-2-LR
2025,huss,0.009505,ssp585,MPI-ESM1-2-LR
2026,huss,0.009428,ssp585,MPI-ESM1-2-LR
2027,huss,0.009351,ssp585,MPI-ESM1-2-LR
2028,huss,0.009447,ssp585,MPI-ESM1-2-LR
2029,huss,0.009545,ssp585,MPI-ESM1-2-LR
2030,huss,0.009491,ssp585,MPI-ESM1-2-LR
2031,huss,0.009424,ssp585,MPI-ESM1-2-LR
2032,huss,0.009525,ssp585,MPI-ESM1-2-LR
2033,huss,0.009578,ssp585,MPI-ESM1-2-LR
2034,huss,0.009694,ssp585,MPI-ESM1-2-LR
2035,huss,0.009467,ssp585,MPI-ESM1-2-LR
2036,huss,0.009538,ssp585,MPI-ESM1-2-LR
2037,huss,0.009498,ssp585,MPI-ESM1-2-LR
2038,huss,0.009614,ssp585,MPI-ESM1-2-LR
2039,huss,0.009537,ssp585,MPI-ESM1-2-LR
2040,huss,0.009546,ssp585,MPI-ESM1-2-LR
2041,huss,0.009628,ssp585,MPI-ESM1-2-LR
2042,huss,0.009633,ssp585,MPI-ESM1-2-LR
2043,huss,0.009818,ssp585,MPI-ESM1-2-LR
2044,huss,0.009892,ssp585,MPI-ESM1-2-LR
2045,huss,0.009668,ssp585,MPI-ESM1-2-LR
2046,huss,0.009812,ssp585,MPI-ESM1-2-LR
2047,huss,0.009756,ssp585,MPI-ESM1-2-LR
2048,huss,0.009659,ssp585,MPI-ESM1-2-LR
2049,huss,0.009783,ssp585,MPI-ESM1-2-LR
2050,huss,0.009902,ssp585,MPI-ESM1-2-LR
2051,huss,0.009926,ssp585,MPI-ESM1-2-LR
2052,huss,0.009787,ssp585,MPI-ESM1-2-LR
2053,huss,0.00983,ssp585,MPI-ESM1-2-LR
2054,huss,0.010021,ssp585,MPI-ESM1-2-LR
2055,huss,0.00991,ssp585,MPI-ESM1-2-LR
2056,huss,0.009845,ssp585,MPI-ESM1-2-LR
2057,huss,0.009968,ssp585,MPI-ESM1-2-LR
2058,huss,0.010017,ssp585,MPI-ESM1-2-LR
2059,huss,0.009932,ssp585,MPI-ESM1-2-LR
2060,huss,0.010026,ssp585,MPI-ESM1-2-LR
2061,huss,0.010289,ssp585,MPI-ESM1-2-LR
2062,huss,0.010141,ssp585,MPI-ESM1-2-LR
2063,huss,0.010242,ssp585,MPI-ESM1-2-LR
2064,huss,0.010175,ssp585,MPI-ESM1-2-LR
2065,huss,0.010251,ssp585,MPI-ESM1-2-LR
2066,huss,0.010347,ssp585,MPI-ESM1-2-LR
2067,huss,0.010186,ssp585,MPI-ESM1-2-LR
2068,huss,0.01037,ssp585,MPI-ESM1-2-LR
2069,huss,0.010348,ssp585,MPI-ESM1-2-LR
2070,huss,0.010396,ssp585,MPI-ESM1-2-LR
2071,huss,0.010722,ssp585,MPI-ESM1-2-LR
2072,huss,0.010373,ssp585,MPI-ESM1-2-LR
2073,huss,0.010272,ssp585,MPI-ESM1-2-LR
2074,huss,0.010317,ssp585,MPI-ESM1-2-LR
2075,huss,0.010804,ssp585,MPI-ESM1-2-LR
2076,huss,0.010585,ssp585,MPI-ESM1-2-LR
2077,huss,0.010461,ssp585,MPI-ESM1-2-LR
2078,huss,0.010516,ssp585,MPI-ESM1-2-LR
2079,huss,0.010529,ssp585,MPI-ESM1-2-LR
2080,huss,0.010664,ssp585,MPI-ESM1-2-LR
2081,huss,0.010825,ssp585,MPI-ESM1-2-LR
2082,huss,0.010533,ssp585,MPI-ESM1-2-LR
2083,huss,0.010933,ssp585,MPI-ESM1-2-LR
2084,huss,0.010797,ssp585,MPI-ESM1-2-LR
2085,huss,0.010853,ssp585,MPI-ESM1-2-LR
2086,huss,0.010741,ssp585,MPI-ESM1-2-LR
2087,huss,0.010989,ssp585,MPI-ESM1-2-LR
2088,huss,0.010778,ssp585,MPI-ESM1-2-LR
2089,huss,0.010921,ssp585,MPI-ESM1-2-LR
2090,huss,0.010839,ssp585,MPI-ESM1-2-LR
2091,huss,0.010924,ssp585,MPI-ESM1-2-LR
2092,huss,0.01094,ssp585,MPI-ESM1-2-LR
2093,huss,0.010895,ssp585,MPI-ESM1-2-LR
2094,huss,0.011037,ssp585,MPI-ESM1-2-LR
2095,huss,0.010931,ssp585,MPI-ESM1-2-LR
2096,huss,0.011055,ssp585,MPI-ESM1-2-LR
2097,huss,0.010975,ssp585,MPI-ESM1-2-LR
2098,huss,0.011249,ssp585,MPI-ESM1-2-LR
2099,huss,0.011174,ssp585,MPI-ESM1-2-LR
2100,huss,0.011065,ssp585,MPI-ESM1-2-LR
2015,psl,101171.577366,ssp245,MPI-ESM1-2-LR
2016,psl,101170.886255,ssp245,MPI-ESM1-2-LR
2017,psl,101168.874114,ssp245,MPI-ESM1-2-LR
2018,psl,101166.387948,ssp245,MPI-ESM1-2-LR
2019,psl,101163.828623,ssp245,MPI-ESM1-2-LR
2020,psl,101180.315866,ssp245,MPI-ESM1-2-LR
2021,psl,101171.465513,ssp245,MPI-ESM1-2-LR
2022,psl,101155.677564,ssp245,MPI-ESM1-2-LR
2023,psl,101164.949742,ssp245,MPI-ESM1-2-LR
2024,psl,101156.47437,ssp245,MPI-ESM1-2-LR
2025,psl,101167.145162,ssp245,MPI-ESM1-2-LR
2026,psl,101171.785176,ssp245,MPI-ESM1-2-LR
2027,psl,101166.802606,ssp245,MPI-ESM1-2-LR
2028,psl,101162.424323,ssp245,MPI-ESM1-2-LR
2029,psl,101169.457868,ssp245,MPI-ESM1-2-LR
2030,psl,101175.948457,ssp245,MPI-ESM1-2-LR
2031,psl,101172.082002,ssp245,MPI-ESM1-2-LR
2032,psl,101164.389876,ssp245,MPI-ESM1-2-LR
2033,psl,101169.096755,ssp245,MPI-ESM1-2-LR
2034,psl,101153.315508,ssp245,MPI-ESM1-2-LR
2035,psl,101169.312649,ssp245,MPI-ESM1-2-LR
2036,psl,101162.376432,ssp245,MPI-ESM1-2-LR
2037,psl,101178.21162,ssp245,MPI-ESM1-2-LR
2038,psl,101158.330123,ssp245,MPI-ESM1-2-LR
2039,psl,101169.739378,ssp245,MPI-ESM1-2-LR
2040,psl,101166.336105,ssp245,MPI-ESM1-2-LR
2041,psl,101170.854238,ssp245,MPI-ESM1-2-LR
2042,psl,101151.59041,ssp245,MPI-ESM1-2-LR
2043,psl,101162.542845,ssp245,MPI-ESM1-2-LR
2044,psl,101173.078786,ssp245,MPI-ESM1-2-LR
2045,psl,101170.499718,ssp245,MPI-ESM1-2-LR
2046,psl,101164.713688,ssp245,MPI-ESM1-2-LR
2047,psl,101159.103027,ssp245,MPI-ESM1-2-LR
2048,psl,101160.690744,ssp245,MPI-ESM1-2-LR
2049,psl,101161.342297,ssp245,MPI-ESM1-2-LR
2050,psl,101162.867014,ssp245,MPI-ESM1-2-LR
2051,psl,101154.8652,ssp245,MPI-ESM1-2-LR
2052,psl,101153.692535,ssp245,MPI-ESM1-2-LR
2053,psl,101154.233764,ssp245,MPI-ESM1-2-LR
2054,psl,101166.631851,ssp245,MPI-ESM1-2-LR
2055,psl,101158.214282,ssp245,MPI-ESM1-2-LR
2056,psl,101153.613116,ssp245,MPI-ESM1-2-LR
2057,psl,101159.57161,ssp245,MPI-ESM1-2-LR
2058,psl,101160.516277,ssp245,MPI-ESM1-2-LR
2059,psl,101167.638828,ssp245,MPI-ESM1-2-LR
2060,psl,101155.742633,ssp245,MPI-ESM1-2-LR
2061,psl,101164.656813,ssp245,MPI-ESM1-2-LR
2062,psl,101160.222815,ssp245,MPI-ESM1-2-LR
2063,psl,101154.865778,ssp245,MPI-ESM1-2-LR
2064,psl,101160.717419,ssp245,MPI-ESM1-2-LR
2065,psl,101154.304609,ssp245,MPI-ESM1-2-LR
2066,psl,101168.010012,ssp245,MPI-ESM1-2-LR
2067,psl,101159.581147,ssp245,MPI-ESM1-2-LR
2068,psl,101158.651638,ssp245,MPI-ESM1-2-LR
2069,psl,101159.443924,ssp245,MPI-ESM1-2-LR
2070,psl,101159.206871,ssp245,MPI-ESM1-2-LR
2071,psl,101173.407823,ssp245,MPI-ESM1-2-LR
2072,psl,101153.810668,ssp245,MPI-ESM1-2-LR
2073,psl,101175.629828,ssp245,MPI-ESM1-2-LR
2074,psl,101158.921081,ssp245,MPI-ESM1-2-LR
2075,psl,101148.600411,ssp245,MPI-ESM1-2-LR
2076,psl,101158.612444,ssp245,MPI-ESM1-2-LR
2077,psl,101156.211504,ssp245,MPI-ESM1-2-LR
2078,psl,101161.897534,ssp245,MPI-ESM1-2-LR
2079,psl,101150.189283,ssp245,MPI-ESM1-2-LR
2080,psl,101160.785071,ssp245,MPI-ESM1-2-LR
2081,psl,101159.134179,ssp245,MPI-ESM1-2-LR
2082,psl,101149.460031,ssp245,MPI-ESM1-2-LR
2083,psl,101153.967749,ssp245,MPI-ESM1-2-LR
2084,psl,101156.885764,ssp245,MPI-ESM1-2-LR
2085,psl,101165.185712,ssp245,MPI-ESM1-2-LR
2086,psl,101152.665653,ssp245,MPI-ESM1-2-LR
2087,psl,101156.176575,ssp245,MPI-ESM1-2-LR
2088,psl,101156.17838,ssp245,MPI-ESM1-2-LR
2089,psl,101152.68877,ssp245,MPI-ESM1-2-LR
2090,psl,101151.571354,ssp245,MPI-ESM1-2-LR
2091,psl,101151.124377,ssp245,MPI-ESM1-2-LR
2092,psl,101146.623347,ssp245,MPI-ESM1-2-LR
2093,psl,101149.078986,ssp245,MPI-ESM1-2-LR
2094,psl,101164.800914,ssp245,MPI-ESM1-2-LR
2095,psl,101167.338238,ssp245,MPI-ESM1-2-LR
2096,psl,101160.010732,ssp245,MPI-ESM1-2-LR
2097,psl,101156.496584,ssp245,MPI-ESM1-2-LR
2098,psl,101144.273766,ssp245,MPI-ESM1-2-LR
2099,psl,101158.649103,ssp245,MPI-ESM1-2-LR
2100,psl,101163.661673,ssp245,MPI-ESM1-2-LR
2015,psl,101164.757298,ssp585,MPI-ESM1-2-LR
2016,psl,101164.922334,ssp585,MPI-ESM1-2-LR
2017,psl,101172.641999,ssp585,MPI-ESM1-2-LR
2018,psl,101162.041592,ssp585,MPI-ESM1-2-LR
2019,psl,101172.522544,ssp585,MPI-ESM1-2-LR
2020,psl,101167.149632,ssp585,MPI-ESM1-2-LR
2021,psl,101184.359557,ssp585,MPI-ESM1-2-LR
2022,psl,101176.707352,ssp585,MPI-ESM1-2-LR
2023,psl,101168.678192,ssp585,MPI-ESM1-2-LR
2024,psl,101168.785182,ssp585,MPI-ESM1-2-LR
2025,psl,101170.743267,ssp585,MPI-ESM1-2-LR
2026,psl,101172.260059,ssp585,MPI-ESM1-2-LR
2027,psl,101174.855498,ssp585,MPI-ESM1-2-LR
2028,psl,101162.987271,ssp585,MPI-ESM1-2-LR
2029,psl,101163.68574,ssp585,MPI-ESM1-2-LR
2030,psl,101166.920304,ssp585,MPI-ESM1-2-LR
2031,psl,101162.682913,ssp585,MPI-ESM1-2-LR
2032,psl,101158.715716,ssp585,MPI-ESM1-2-LR
2033,psl,101162.440485,ssp585,MPI-ESM1-2-LR
2034,psl,101157.363452,ssp585,MPI-ESM1-2-LR
2035,psl,101170.121267,ssp585,MPI-ESM1-2-LR
2036,psl,101156.613379,ssp585,MPI-ESM1-2-LR
2037,psl,101167.497164,ssp585,MPI-ESM1-2-LR
2038,psl,101180.426254,ssp585,MPI-ESM1-2-LR
2039,psl,101160.301461,ssp585,MPI-ESM1-2-LR
2040,psl,101166.136669,ssp585,MPI-ESM1-2-LR
2041,psl,101167.85691,ssp585,MPI-ESM1-2-LR
2042,psl,101169.137165,ssp585,MPI-ESM1-2-LR
2043,psl,101159.494393,ssp585,MPI-ESM1-2-LR
2044,psl,101170.524375,ssp585,MPI-ESM1-2-LR
2045,psl,101158.728153,ssp585,MPI-ESM1-2-LR
2046,psl,101164.772447,ssp585,MPI-ESM1-2-LR
2047,psl,101176.343157,ssp585,MPI-ESM1-2-LR
2048,psl,101169.029539,ssp585,MPI-ESM1-2-LR
2049,psl,101146.742473,ssp585,MPI-ESM1-2-LR
2050,psl,101160.176701,ssp585,MPI-ESM1-2-LR
2051,psl,101171.565858,ssp585,MPI-ESM1-2-LR
2052,psl,101157.853453,ssp585,MPI-ESM1-2-LR
2053,psl,101165.621465,ssp585,MPI-ESM1-2-LR
2054,psl,101161.703041,ssp585,MPI-ESM1-2-LR
2055,psl,101158.639098,ssp585,MPI-ESM1-2-LR
2056,psl,101157.624681,ssp585,MPI-ESM1-2-LR
2057,psl,101159.520507,ssp585,MPI-ESM1-2-LR
2058,psl,101163.629104,ssp585,MPI-ESM1-2-LR
2059,psl,101164.307402,ssp585,MPI-ESM1-2-LR
2060,psl,101160.498792,ssp585,MPI-ESM1-2-LR
2061,psl,101153.19445,ssp585,MPI-ESM1-2-LR
2062,psl,101143.0232,ssp585,MPI-ESM1-2-LR
2063,psl,101153.47476,ssp585,MPI-ESM1-2-LR
2064,psl,101158.866943,ssp585,MPI-ESM1-2-LR
2065,psl,101151.704466,ssp585,MPI-ESM1-2-LR
2066,psl,101151.217511,ssp585,MPI-ESM1-2-LR
2067,psl,101154.085424,ssp585,MPI-ESM1-2-LR
2068,psl,101144.450175,ssp585,MPI-ESM1-2-LR
2069,psl,101144.348786,ssp585,MPI-ESM1-2-LR
2070,psl,101153.214755,ssp585,MPI-ESM1-2-LR
2071,psl,101150.205054,ssp585,MPI-ESM1-2-LR
2072,psl,101146.713551,ssp585,MPI-ESM1-2-LR
2073,psl,101153.103681,ssp585,MPI-ESM1-2-LR
2074,psl,101142.37711,ssp585,MPI-ESM1-2-LR
2075,psl,101141.824458,ssp585,MPI-ESM1-2-LR
2076,psl,101138.969501,ssp585,MPI-ESM1-2-LR
2077,psl,101153.665121,ssp585,MPI-ESM1-2-LR
2078,psl,101142.343002,ssp585,MPI-ESM1-2-LR
2079,psl,101166.176283,ssp585,MPI-ESM1-2-LR
2080,psl,101156.677596,ssp585,MPI-ESM1-2-LR
2081,psl,101131.648927,ssp585,MPI-ESM1-2-LR
2082,psl,101143.797024,ssp585,MPI-ESM1-2-LR
2083,psl,101150.07031,ssp585,MPI-ESM1-2-LR
2084,psl,101141.474247,ssp585,MPI-ESM1-2-LR
2085,psl,101137.028078,ssp585,MPI-ESM1-2-LR
2086,psl,101157.892889,ssp585,MPI-ESM1-2-LR
2087,psl,101150.002891,ssp585,MPI-ESM1-2-LR
2088,psl,101143.918173,ssp585,MPI-ESM1-2-LR
2089,psl,101141.112266,ssp585,MPI-ESM1-2-LR
2090,psl,101151.694847,ssp585,MPI-ESM1-2-LR
2091,psl,101145.770085,ssp585,MPI-ESM1-2-LR
2092,psl,101145.047227,ssp585,MPI-ESM1-2-LR
2093,psl,101137.625488,ssp585,MPI-ESM1-2-LR
2094,psl,101145.431885,ssp585,MPI-ESM1-2-LR
2095,psl,101147.25633,ssp585,MPI-ESM1-2-LR
2096,psl,101142.122321,ssp585,MPI-ESM1-2-LR
2097,psl,101147.971011,ssp585,MPI-ESM1-2-LR
2098,psl,101138.360248,ssp585,MPI-ESM1-2-LR
2099,psl,101149.861007,ssp585,MPI-ESM1-2-LR
2100,psl,101141.453629,ssp585,MPI-ESM1-2-LR
2015,rsds,192.330671,ssp245,MPI-ESM1-2-LR
2016,rsds,191.625347,ssp245,MPI-ESM1-2-LR
2017,rsds,190.609621,ssp245,MPI-ESM1-2-LR
2018,rsds,192.077926,ssp245,MPI-ESM1-2-LR
2019,rsds,195.178938,ssp245,MPI-ESM1-2-LR
2020,rsds,191.708788,ssp245,MPI-ESM1-2-LR
2021,rsds,191.172243,ssp245,MPI-ESM1-2-LR
2022,rsds,191.692702,ssp245,MPI-ESM1-2-LR
2023,rsds,191.496194,ssp245,MPI-ESM1-2-LR
2024,rsds,191.573266,ssp245,MPI-ESM1-2-LR
2025,rsds,189.210215,ssp245,MPI-ESM1-2-LR
2026,rsds,190.219587,ssp245,MPI-ESM1-2-LR
2027,rsds,190.220051,ssp245,MPI-ESM1-2-LR
2028,rsds,193.015625,ssp245,MPI-ESM1-2-LR
2029,rsds,193.059959,ssp245,MPI-ESM1-2-LR
2030,rsds,192.588834,ssp245,MPI-ESM1-2-LR
2031,rsds,190.805575,ssp245,MPI-ESM1-2-LR
2032,rsds,191.473361,ssp245,MPI-ESM1-2-LR
2033,rsds,191.866775,ssp245,MPI-ESM1-2-LR
2034,rsds,190.366793,ssp245,MPI-ESM1-2-LR
2035,rsds,191.323627,ssp245,MPI-ESM1-2-LR
2036,rsds,189.523248,ssp245,MPI-ESM1-2-LR
2037,rsds,192.686375,ssp245,MPI-ESM1-2-LR
2038,rsds,189.714106,ssp245,MPI-ESM1-2-LR
2039,rsds,191.72847,ssp245,MPI-ESM1-2-LR
2040,rsds,188.409725,ssp245,MPI-ESM1-2-LR
2041,rsds,190.454118,ssp245,MPI-ESM1-2-LR
2042,rsds,188.728795,ssp245,MPI-ESM1-2-LR
2043,rsds,189.668698,ssp245,MPI-ESM1-2-LR
2044,rsds,190.389833,ssp245,MPI-ESM1-2-LR
2045,rsds,191.135595,ssp245,MPI-ESM1-2-LR
2046,rsds,190.552849,ssp245,MPI-ESM1-2-LR
2047,rsds,189.044196,ssp245,MPI-ESM1-2-LR
2048,rsds,188.504719,ssp245,MPI-ESM1-2-LR
2049,rsds,188.382945,ssp245,MPI-ESM1-2-LR
2050,rsds,188.625577,ssp245,MPI-ESM1-2-LR
2051,rsds,191.22367,ssp245,MPI-ESM1-2-LR
2052,rsds,192.065128,ssp245,MPI-ESM1-2-LR
2053,rsds,189.81238,ssp245,MPI-ESM1-2-LR
2054,rsds,190.752489,ssp245,MPI-ESM1-2-LR
2055,rsds,192.330329,ssp245,MPI-ESM1-2-LR
2056,rsds,188.856029,ssp245,MPI-ESM1-2-LR
2057,rsds,189.996195,ssp245,MPI-ESM1-2-LR
2058,rsds,191.090003,ssp245,MPI-ESM1-2-LR
2059,rsds,191.776185,ssp245,MPI-ESM1-2-LR
2060,rsds,191.037917,ssp245,MPI-ESM1-2-LR
2061,rsds,192.391109,ssp245,MPI-ESM1-2-LR
2062,rsds,192.199709,ssp245,MPI-ESM1-2-LR
2063,rsds,189.121777,ssp245,MPI-ESM1-2-LR
2064,rsds,188.780379,ssp245,MPI-ESM1-2-LR
2065,rsds,191.26662,ssp245,MPI-ESM1-2-LR
2066,rsds,189.003949,ssp245,MPI-ESM1-2-LR
2067,rsds,190.684573,ssp245,MPI-ESM1-2-LR
2068,rsds,190.201787,ssp245,MPI-ESM1-2-LR
2069,rsds,190.322496,ssp245,MPI-ESM1-2-LR
2070,rsds,191.249035,ssp245,MPI-ESM1-2-LR
2071,rsds,189.316845,ssp245,MPI-ESM1-2-LR
2072,rsds,190.072518,ssp245,MPI-ESM1-2-LR
2073,rsds,190.54031,ssp245,MPI-ESM1-2-LR
2074,rsds,189.0642,ssp245,MPI-ESM1-2-LR
2075,rsds,191.092513,ssp245,MPI-ESM1-2-LR
2076,rsds,189.945196,ssp245,MPI-ESM1-2-LR
2077,rsds,192.479473,ssp245,MPI-ESM1-2-LR
2078,rsds,191.220402,ssp245,MPI-ESM1-2-LR
2079,rsds,189.593292,ssp245,MPI-ESM1-2-LR
2080,rsds,190.503193,ssp245,MPI-ESM1-2-LR
2081,rsds,188.781072,ssp245,MPI-ESM1-2-LR
2082,rsds,187.759023,ssp245,MPI-ESM1-2-LR
2083,rsds,188.348149,ssp245,MPI-ESM1-2-LR
2084,rsds,192.678892,ssp245,MPI-ESM1-2-LR
2085,rsds,190.937467,ssp245,MPI-ESM1-2-LR
2086,rsds,191.687688,ssp245,MPI-ESM1-2-LR
2087,rsds,189.667717,ssp245,MPI-ESM1-2-LR
2088,rsds,190.038101,ssp245,MPI-ESM1-2-LR
2089,rsds,189.88921,ssp245,MPI-ESM1-2-LR
2090,rsds,188.907786,ssp245,MPI-ESM1-2-LR
2091,rsds,188.319729,ssp245,MPI-ESM1-2-LR
2092,rsds,190.430139,ssp245,MPI-ESM1-2-LR
2093,rsds,190.198226,ssp245,MPI-ESM1-2-LR
2094,rsds,187.97636,ssp245,MPI-ESM1-2-LR
2095,rsds,188.833177,ssp245,MPI-ESM1-2-LR
2096,rsds,192.077063,ssp245,MPI-ESM1-2-LR
2097,rsds,188.889977,ssp245,MPI-ESM1-2-LR
2098,rsds,190.486803,ssp245,MPI-ESM1-2-LR
2099,rsds,192.191545,ssp245,MPI-ESM1-2-LR
2100,rsds,190.476964,ssp245,MPI-ESM1-2-LR
2015,rsds,189.611204,ssp585,MPI-ESM1-2-LR
2016,rsds,190.255853,ssp585,MPI-ESM1-2-LR
2017,rsds,190.924531,ssp585,MPI-ESM1-2-LR
2018,rsds,191.811041,ssp585,MPI-ESM1-2-LR
2019,rsds,190.965252,ssp585,MPI-ESM1-2-LR
2020,rsds,190.796277,ssp585,MPI-ESM1-2-LR
2021,rsds,191.854145,ssp585,MPI-ESM1-2-LR
2022,rsds,189.688712,ssp585,MPI-ESM1-2-LR
2023,rsds,190.971632,ssp585,MPI-ESM1-2-LR
2024,rsds,193.035167,ssp585,MPI-ESM1-2-LR
2025,rsds,190.708326,ssp585,MPI-ESM1-2-LR
2026,rsds,190.240467,ssp585,MPI-ESM1-2-LR
2027,rsds,190.659621,ssp585,MPI-ESM1-2-LR
2028,rsds,192.121238,ssp585,MPI-ESM1-2-LR
2029,rsds,189.164078,ssp585,MPI-ESM1-2-LR
2030,rsds,191.766919,ssp585,MPI-ESM1-2-LR
2031,rsds,190.502142,ssp585,MPI-ESM1-2-LR
2032,rsds,188.301235,ssp585,MPI-ESM1-2-LR
2033,rsds,192.130939,ssp585,MPI-ESM1-2-LR
2034,rsds,187.894828,ssp585,MPI-ESM1-2-LR
2035,rsds,191.805152,ssp585,MPI-ESM1-2-LR
2036,rsds,189.930948,ssp585,MPI-ESM1-2-LR
2037,rsds,189.12356,ssp585,MPI-ESM1-2-LR
2038,rsds,192.42946,ssp585,MPI-ESM1-2-LR
2039,rsds,191.734254,ssp585,MPI-ESM1-2-LR
2040,rsds,192.392111,ssp585,MPI-ESM1-2-LR
2041,rsds,188.803221,ssp585,MPI-ESM1-2-LR
2042,rsds,189.564847,ssp585,MPI-ESM1-2-LR
2043,rsds,187.140306,ssp585,MPI-ESM1-2-LR
2044,rsds,189.129608,ssp585,MPI-ESM1-2-LR
2045,rsds,188.863416,ssp585,MPI-ESM1-2-LR
2046,rsds,189.212921,ssp585,MPI-ESM1-2-LR
2047,rsds,190.044145,ssp585,MPI-ESM1-2-LR
2048,rsds,189.986596,ssp585,MPI-ESM1-2-LR
2049,rsds,192.305877,ssp585,MPI-ESM1-2-LR
2050,rsds,187.627315,ssp585,MPI-ESM1-2-LR
2051,rsds,190.005134,ssp585,MPI-ESM1-2-LR
2052,rsds,187.363268,ssp585,MPI-ESM1-2-LR
2053,rsds,192.225473,ssp585,MPI-ESM1-2-LR
2054,rsds,188.765478,ssp585,MPI-ESM1-2-LR
2055,rsds,191.654491,ssp585,MPI-ESM1-2-LR
2056,rsds,191.436363,ssp585,MPI-ESM1-2-LR
2057,rsds,188.448343,ssp585,MPI-ESM1-2-LR
2058,rsds,189.342219,ssp585,MPI-ESM1-2-LR
2059,rsds,188.117683,ssp585,MPI-ESM1-2-LR
2060,rsds,188.128314,ssp585,MPI-ESM1-2-LR
2061,rsds,188.891689,ssp585,MPI-ESM1-2-LR
2062,rsds,189.067298,ssp585,MPI-ESM1-2-LR
2063,rsds,190.165878,ssp585,MPI-ESM1-2-LR
2064,rsds,191.355672,ssp585,MPI-ESM1-2-LR
2065,rsds,188.707144,ssp585,MPI-ESM1-2-LR
2066,rsds,186.46749,ssp585,MPI-ESM1-2-LR
2067,rsds,189.054051,ssp585,MPI-ESM1-2-LR
2068,rsds,188.435393,ssp585,MPI-ESM1-2-LR
2069,rsds,187.511386,ssp585,MPI-ESM1-2-LR
2070,rsds,187.012296,ssp585,MPI-ESM1-2-LR
2071,rsds,184.755267,ssp585,MPI-ESM1-2-LR
2072,rsds,189.151688,ssp585,MPI-ESM1-2-LR
2073,rsds,186.671476,ssp585,MPI-ESM1-2-LR
2074,rsds,187.770912,ssp585,MPI-ESM1-2-LR
2075,rsds,185.127195,ssp585,MPI-ESM1-2-LR
2076,rsds,188.191459,ssp585,MPI-ESM1-2-LR
2077,rsds,187.888437,ssp585,MPI-ESM1-2-LR
2078,rsds,188.023112,ssp585,MPI-ESM1-2-LR
2079,rsds,186.734943,ssp585,MPI-ESM1-2-LR
2080,rsds,185.359744,ssp585,MPI-ESM1-2-LR
2081,rsds,189.239333,ssp585,MPI-ESM1-2-LR
2082,rsds,190.124176,ssp585,MPI-ESM1-2-LR
2083,rsds,187.060737,ssp585,MPI-ESM1-2-LR
2084,rsds,188.704421,ssp585,MPI-ESM1-2-LR
2085,rsds,185.667802,ssp585,MPI-ESM1-2-LR
2086,rsds,186.860001,ssp585,MPI-ESM1-2-LR
2087,rsds,185.937868,ssp585,MPI-ESM1-2-LR
2088,rsds,185.570718,ssp585,MPI-ESM1-2-LR
2089,rsds,186.555545,ssp585,MPI-ESM1-2-LR
2090,rsds,188.178227,ssp585,MPI-ESM1-2-LR
2091,rsds,190.782921,ssp585,MPI-ESM1-2-LR
2092,rsds,188.765726,ssp585,MPI-ESM1-2-LR
2093,rsds,188.216116,ssp585,MPI-ESM1-2-LR
2094,rsds,186.14615,ssp585,MPI-ESM1-2-LR
2095,rsds,187.714958,ssp585,MPI-ESM1-2-LR
2096,rsds,185.618951,ssp585,MPI-ESM1-2-LR
2097,rsds,185.359959,ssp585,MPI-ESM1-2-LR
2098,rsds,186.525832,ssp585,MPI-ESM1-2-LR
2099,rsds,186.60199,ssp585,MPI-ESM1-2-LR
2100,rsds,188.807583,ssp585,MPI-ESM1-2-LR
